task_id,case,target_environment,seed,sim_time_s,horizon_reached,wall_time_s,peak_process_rss_bytes,simulated_seconds_per_wall_second,total_constellation_reward,capture_coverage_fraction,ground_delivery_coverage_fraction,capture_target_count,ground_delivery_target_count,qualified_exposure_count,unqualified_exposure_count,qualified_ground_delivery_count,cross_sensor_capture_overlap_count,stale_cross_sensor_ground_delivery_count,stale_cross_sensor_ground_delivery_target_count,causally_avoidable_stale_ground_delivery_count,cross_sensor_onboard_overlap_target_count,cross_sensor_onboard_overlap_product_count,cross_sensor_onboard_redundant_acquisition_count,cross_sensor_onboard_redundant_sensor_time_s,cross_sensor_onboard_overlap_sensor_time_s,duplicate_sensor_time_s,interrupted_nonduplicate_sensor_time_s,wasted_time_fraction,wasted_sensor_time_s,policy_decisions,duplicate_attempt_count,successful_duplicate_count,unique_acquisition_service_count,unique_ground_service_count,acquisition_reward_component,ground_delivery_reward_component,reward_adjustment_component,radio_occupied_time_s,minimum_battery_fraction,maximum_storage_fraction,maximum_wheel_fraction,sensors_alive_at_end
0,independent,leo,0,45000.0,True,205.87259937636554,2070388736,218.58178376488726,257.9074164121276,0.91,0.9,91,90,601,12,581,85,483,83,136,79,398,236,309234.0,592000.0,46171.0,0.0,0.3420074074074074,46171.0,962,344.0,331.0,264.0,250.0,233.25053226570387,24.656884146423856,0.0,0.0,0.8522119773457206,0.8,0.12030388357114911,3
1,independent,leo,1,45000.0,True,217.98502956330776,2001825792,206.43619467882306,289.3607910783679,0.96,0.96,96,96,672,14,616,90,496,89,84,79,375,219,396359.0,751499.0,52968.0,0.0,0.39235555555555557,52968.0,1022,386.0,339.0,294.0,277.0,262.137599368466,27.223191709901798,0.0,0.0,0.762371169336329,0.8,0.14402230240878114,3
2,independent,leo,2,45000.0,True,201.91865060292184,2003312640,222.86202817635527,274.8879127467427,0.93,0.93,93,93,663,10,641,86,540,86,104,81,392,235,358716.0,667648.0,49597.0,0.0,0.3673851851851852,49597.0,1028,390.0,372.0,280.0,269.0,248.16739661913655,26.720516127605954,0.0,0.0,0.8676145779685815,0.8,0.1280758219950818,3
3,independent,leo,3,45000.0,True,262.5523198689334,2064568320,171.39441015971246,286.63622669526814,0.94,0.93,94,93,658,8,612,87,500,87,107,78,412,251,411028.0,802198.0,50723.0,0.0,0.3757259259259259,50723.0,999,371.0,337.0,289.0,275.0,259.3827415457848,27.253485149483375,0.0,0.0,0.8118170294387064,0.8,0.1409052920480667,3
4,independent,leo,4,45000.0,True,303.06243216607254,2065432576,148.48425678620848,272.1578116273711,0.95,0.95,95,95,631,6,614,88,507,88,102,79,361,222,265319.0,515314.0,49440.0,0.0,0.3662222222222222,49440.0,999,357.0,347.0,278.0,267.0,245.82460945919985,26.333202168171233,0.0,0.0,0.8482466444365613,0.8,0.12901898783516041,3
5,independent,leo,5,45000.0,True,269.32993227406405,2064994304,167.08131777276435,262.9924249223295,0.9,0.89,90,89,632,9,617,81,513,81,104,73,381,229,296284.0,561413.0,51963.000000000015,0.0,0.3849111111111112,51963.000000000015,987,370.0,359.0,266.0,258.0,237.23531319356422,25.75711172876511,0.0,0.0,0.8700159675816385,0.8,0.12802892575999056,3
6,independent,leo,6,45000.0,True,271.89400399301667,2064441344,165.5056725750958,293.30659939703685,0.96,0.96,96,96,650,9,621,88,513,86,137,76,392,242,390108.0,740844.0,49970.0,0.0,0.37014814814814817,49970.0,996,369.0,353.0,286.0,268.0,265.7288450788027,27.577754318234298,0.0,0.0,0.8529744009117585,0.8,0.14447224102811435,3
7,independent,leo,7,45000.0,True,320.5601486330852,2065604608,140.37927107248515,268.01022487483834,0.94,0.94,94,94,609,7,605,83,492,83,138,75,376,224,281494.0,547023.0,46569.00000000001,0.0,0.3449555555555556,46569.00000000001,953,336.0,332.0,277.0,273.0,241.477762551117,26.532462323721447,0.0,0.0,0.8394155928486706,0.8,0.1425753744963733,3
8,independent,leo,8,45000.0,True,223.9947230098769,2067599360,200.89758988659636,293.8474343400636,0.96,0.96,96,96,662,13,618,93,510,90,123,86,407,236,272787.0,520612.0,48895.000000000015,0.0,0.3621851851851853,48895.000000000015,1012,382.0,347.0,290.0,271.0,266.40625658676066,27.44117775330277,0.0,0.0,0.8099323849245602,0.8,0.13023998139878198,3
9,independent,leo,9,45000.0,True,194.0197462029755,2068709376,231.93515547083976,294.51665310060775,0.96,0.96,96,96,699,11,657,95,552,94,110,86,394,230,272680.0,529030.0,57508.000000000015,0.0,0.4259851851851853,57508.000000000015,1038,410.0,391.0,292.0,266.0,267.73718590183734,26.779467198770522,0.0,0.0,0.8265788619520478,0.8,0.1289853850580171,3
10,independent,leo,10,45000.0,True,209.82945299893618,2031304704,214.45988328544206,297.8138279976666,0.96,0.96,96,96,690,10,674,92,570,92,131,83,397,231,360939.0,679279.0,55741.0,0.0,0.4128962962962963,55741.0,1030,393.0,387.0,303.0,287.0,269.8103397596035,28.003488238063028,0.0,0.0,0.8081112216820929,0.8,0.13499330645909804,3
11,independent,leo,11,45000.0,True,235.6686721649021,2065469440,190.94604126471506,274.14029765386033,0.97,0.97,97,97,634,8,623,86,515,85,110,77,323,191,247090.00000000003,466184.00000000006,49076.000000000015,0.0,0.36352592592592603,49076.000000000015,1012,357.0,346.0,282.0,277.0,247.08750630928122,27.05279134457916,0.0,0.0,0.853240134092788,0.8,0.13640510062018218,3
12,independent,leo,12,45000.0,True,296.08337025204673,2067927040,151.98421972059043,279.100119285414,0.95,0.95,95,95,671,7,653,90,544,89,101,82,393,230,345006.0,659131.0,50565.0,0.0,0.37455555555555553,50565.0,1016,385.0,378.0,289.0,275.0,252.45913389892524,26.64098538648874,0.0,0.0,0.842441004838142,0.8,0.13218412937889423,3
13,independent,leo,13,45000.0,True,270.8196719889529,2063646720,166.1622276901495,297.22310065256863,0.94,0.94,94,94,653,11,617,90,518,88,125,84,410,258,265528.0,515841.0,51322.0,0.0,0.380162962962963,51322.0,1014,377.0,355.0,280.0,262.0,269.2096541656942,28.013446486874347,0.0,0.0,0.7474603303635093,0.8,0.1257652040723827,3
14,independent,leo,14,45000.0,True,306.2575889340369,2068819968,146.9351344292477,286.35375821552174,0.94,0.94,94,94,662,13,637,87,528,87,137,83,402,242,357818.0,689900.0,53185.0,0.0,0.39396296296296296,53185.0,1025,384.0,364.0,288.0,273.0,259.17382580050344,27.17993241501822,0.0,0.0,0.8416210775327522,0.8,0.12867098297766355,3
15,independent,leo,15,45000.0,True,304.905010867049,2063310848,147.58694805321463,283.6869640068634,0.98,0.98,98,98,657,15,625,91,514,91,92,74,357,210,240761.0,454267.0,50188.0,0.0,0.37176296296296296,50188.0,1019,379.0,352.0,286.0,273.0,256.3113988942404,27.375565112623093,0.0,0.0,0.8552123557948386,0.8,0.14001249318925305,3
16,independent,leo,16,45000.0,True,325.0770944003016,2067095552,138.42870129935017,292.30504077754824,0.94,0.94,94,94,652,11,588,88,479,87,103,76,349,198,229272.0,444186.0,54287.0,0.0,0.40212592592592594,54287.0,1012,374.0,340.0,283.0,248.0,266.1822645041873,26.122776273360813,0.0,0.0,0.8472203336791385,0.8,0.12814357039136798,3
17,independent,leo,17,45000.0,True,212.78801962174475,2057785344,211.47807136883313,292.50464926174755,0.96,0.95,96,95,673,16,651,90,542,88,136,86,437,265,345418.0,662227.0,51921.0,0.0,0.3846,51921.0,1028,392.0,378.0,292.0,273.0,264.88903655991766,27.615612701829917,0.0,0.0,0.824417178635175,0.8,0.1416376171885197,3
18,independent,leo,18,45000.0,True,201.97679538466036,2024996864,222.79787098462717,285.8690638710653,0.93,0.93,93,93,648,15,626,87,516,86,132,80,393,237,244381.0,470488.0,50201.000000000015,0.0,0.3718592592592594,50201.000000000015,1008,371.0,356.0,285.0,270.0,258.7337634960322,27.135300375033285,0.0,0.0,0.7864436747984632,0.8,0.12041738031173685,3
19,independent,leo,19,45000.0,True,251.67015472333878,2064764928,178.80546880685372,270.8516990415624,0.94,0.94,94,94,645,13,609,90,502,89,105,81,380,222,310060.0,596243.0,52117.0,0.0,0.38605185185185187,52117.0,1005,378.0,352.0,276.0,257.0,245.2034361773492,25.64826286421345,0.0,0.0,0.8366947867865121,0.8,0.11744194332619114,3
20,independent,leo,20,45000.0,True,260.9669866070617,2067996672,172.43560415462264,294.47757966467316,0.96,0.96,96,96,638,8,551,88,437,85,103,78,380,224,388741.0,733886.0,48638.0,0.0,0.3602814814814815,48638.0,984,359.0,306.0,283.0,245.0,268.8177664117545,25.659813252918664,0.0,0.0,0.7689354117221346,0.8,0.12649571036756854,3
21,independent,leo,21,45000.0,True,297.0943097539712,2069106688,151.46705447595164,274.45360797091064,0.95,0.95,95,95,639,4,609,86,503,85,122,75,379,227,269440.0,523474.0,48943.0,0.0,0.3625407407407407,48943.0,998,359.0,343.0,281.0,266.0,248.08136304191103,26.372244928999706,0.0,0.0,0.8554752507595929,0.8,0.13686716971122934,3
22,independent,leo,22,45000.0,True,274.5599266110221,2063806464,163.898645208166,282.61516768805075,0.96,0.95,96,95,666,10,641,93,537,93,140,89,429,249,277812.0,533309.0,52897.0,0.0,0.39182962962962964,52897.0,1009,389.0,377.0,283.0,264.0,255.8269329840847,26.78823470396628,0.0,0.0,0.8600377312881149,0.8,0.16339023032430308,3
23,independent,leo,23,45000.0,True,209.55522824800573,2061234176,214.74052628619276,255.3009809953936,0.88,0.88,88,88,581,8,575,82,470,82,105,66,332,203,287556.0,541780.0,43437.000000000015,0.0,0.3217555555555557,43437.000000000015,965,323.0,319.0,263.0,256.0,230.41034957900695,24.890631416386714,0.0,0.0,0.8495689160922959,0.8,0.1200923366178277,3
24,independent,leo,24,45000.0,True,266.3032106979517,2061774848,168.98031338811086,258.7129833230248,0.92,0.92,92,92,601,8,578,88,473,87,82,78,315,184,212719.0,403231.0,46271.0,0.0,0.34274814814814814,46271.0,963,347.0,328.0,261.0,250.0,233.55602284371548,25.15696047930942,0.0,0.0,0.8535699675811835,0.8,0.12582858298382987,3
25,independent,leo,25,45000.0,True,188.9534778231755,2051481600,238.15385944952777,291.4992296029707,0.95,0.95,95,95,674,11,613,89,505,87,116,84,412,243,326810.0,620649.0,51530.0,0.0,0.3817037037037037,51530.0,1016,396.0,348.0,288.0,265.0,264.2800134822993,27.21921612067123,0.0,0.0,0.8142724338908109,0.8,0.1316315688357166,3
26,independent,leo,26,45000.0,True,201.90680047590286,2057957376,222.87510818819922,287.85106193887515,0.95,0.94,95,94,668,16,617,92,508,91,137,85,450,278,466584.0,848770.0,52158.0,0.0,0.38635555555555556,52158.0,1034,390.0,359.0,285.0,258.0,261.5424662862481,26.30859565262726,0.0,0.0,0.8613963437895311,0.8,0.15342157516301122,3
27,independent,leo,27,45000.0,True,351.04472441598773,2068209664,128.1887943904123,268.2569591341119,0.94,0.94,94,94,640,15,605,87,505,87,121,81,370,221,280168.0,548070.0,50243.0,0.0,0.3721703703703704,50243.0,1007,368.0,350.0,278.0,255.0,243.03440815732162,25.222550976790135,0.0,0.0,0.8243343448522393,0.8,0.12292566561940374,3
28,independent,leo,28,45000.0,True,266.693180704955,2066833408,168.73322325321806,277.3701044923579,0.95,0.95,95,95,639,7,591,91,491,89,102,79,363,217,250122.0,480000.0,50303.0,0.0,0.3726148148148148,50303.0,1004,362.0,329.0,280.0,262.0,251.30628670458708,26.06381778777076,0.0,0.0,0.732605309890874,0.8,0.13435165339961608,3
29,independent,leo,29,45000.0,True,271.1402560409624,2070183936,165.965764940495,278.1860048347359,0.93,0.93,93,93,656,10,635,90,532,90,127,86,427,250,276214.0,538032.0,51978.000000000015,0.0,0.3850222222222223,51978.000000000015,998,379.0,370.0,284.0,265.0,252.4180405665007,25.76796426823524,0.0,0.0,0.7995934357867642,0.8,0.16665651882855556,3
30,independent,leo,30,45000.0,True,210.45387643412687,2074492928,213.82357389879311,256.18201254766,0.93,0.93,93,93,594,9,590,84,481,84,110,76,353,211,304222.0,570721.0,46832.0,0.0,0.3469037037037037,46832.0,957,343.0,341.0,257.0,249.0,231.3665218090817,24.81549073857846,0.0,0.0,0.8249614702700755,0.8,0.13846526249782662,3
31,independent,leo,31,45000.0,True,209.41909776534885,2076045312,214.88011590242772,282.4093983297804,0.9,0.9,90,90,644,10,607,87,507,87,104,81,368,224,228221.0,438031.0,51201.0,0.0,0.37926666666666664,51201.0,1021,368.0,343.0,281.0,264.0,255.49588886157247,26.91350946820793,0.0,0.0,0.8522380243359948,0.8,0.13321415606198858,3
32,independent,leo,32,45000.0,True,304.960974688991,2065051648,147.55986416259475,296.6913498783274,0.95,0.95,95,95,666,11,620,91,513,91,117,81,386,228,469690.0,864169.0,52002.0,0.0,0.3852,52002.0,1018,383.0,354.0,290.0,266.0,269.63194065014056,27.059409228186713,0.0,0.0,0.873157633607688,0.8,0.12620937207945854,3
33,independent,leo,33,45000.0,True,241.50306921638548,2061299712,186.33303562564763,296.93634656996613,0.92,0.92,92,92,649,5,619,89,516,89,118,78,397,243,343959.0,650554.0,52578.0,0.0,0.3894666666666667,52578.0,1000,371.0,360.0,280.0,259.0,269.17897745318277,27.757369116783266,0.0,0.0,0.8822546081357963,0.8,0.1303582058095492,3
34,independent,leo,34,45000.0,True,268.312063996098,2067648512,167.7151572307029,268.4205516908307,0.92,0.92,92,92,609,18,559,88,457,88,93,80,348,206,463249.0,857725.0,49571.0,0.0,0.36719259259259257,49571.0,982,350.0,310.0,269.0,249.0,243.31347548270236,25.107076208128404,0.0,0.0,0.6344454974213054,0.8,0.1256638335213055,3
35,independent,leo,35,45000.0,True,210.94839372951537,2070769664,213.32231644152932,277.7987753759136,0.93,0.93,93,93,673,5,661,84,557,84,112,79,402,243,356398.0,685230.0,52319.000000000015,0.0,0.38754814814814825,52319.000000000015,1026,395.0,389.0,280.0,272.0,250.64044025876944,27.15833511714417,0.0,0.0,0.8255588689433291,0.8,0.13396351162139453,3
36,independent,leo,36,45000.0,True,290.7411746531725,2068979712,154.77683906891022,289.33119253863845,0.93,0.92,93,92,640,13,547,88,444,85,99,82,392,227,387230.0,750222.0,51250.000000000015,0.0,0.37962962962962976,51250.000000000015,996,358.0,310.0,288.0,237.0,265.23598150557336,24.095211033065183,0.0,0.0,0.7537397513933812,0.8,0.13219307077062883,3
37,independent,leo,37,45000.0,True,351.09899728838354,1989726208,128.1689789704474,281.9080324671701,0.94,0.94,94,94,654,8,605,89,503,88,105,80,408,244,323754.0,622608.0,53654.0,0.0,0.39743703703703703,53654.0,1001,375.0,346.0,283.0,259.0,255.60664352739835,26.30138893977141,0.0,0.0,0.7776700491069009,0.8,0.13200757497968496,3
38,independent,leo,38,45000.0,True,214.2059162100777,2071371776,210.0782312467376,291.9061836285465,0.95,0.95,95,95,647,15,595,84,483,83,107,77,409,239,383853.0,716495.0,49265.0,0.0,0.36492592592592593,49265.0,990,376.0,330.0,282.0,265.0,264.18144654513037,27.724737083415974,0.0,0.0,0.7488320646174068,0.8,0.12815773421066487,3
39,independent,leo,39,45000.0,True,268.0512208910659,2064666624,167.87836239062563,276.7654257237251,0.93,0.92,93,92,641,8,582,87,483,85,96,79,362,216,342124.0,657919.0,51105.000000000015,0.0,0.37855555555555565,51105.000000000015,1012,367.0,326.0,277.0,256.0,251.13976421699536,25.625661506729593,0.0,0.0,0.7922413738024676,0.8,0.14010604567426657,3
40,independent,leo,40,45000.0,True,252.70926586631685,2067525632,178.07024149167918,255.16508308050066,0.9,0.9,90,90,570,17,560,83,458,82,114,71,334,204,339294.0,634236.0,44595.00000000001,0.0,0.33033333333333337,44595.00000000001,962,312.0,303.0,264.0,257.0,230.33162628358502,24.83345679691554,0.0,0.0,0.7336556800682319,0.8,0.1410794499260311,3
41,independent,leo,41,45000.0,True,268.76868391397875,2059792384,167.43022045828283,275.48008419865647,0.92,0.92,92,92,626,5,609,86,504,86,126,80,414,246,271206.0,518371.0,45776.000000000015,0.0,0.3390814814814816,45776.000000000015,976,353.0,351.0,274.0,258.0,249.05299090307938,26.427093295577308,0.0,0.0,0.8112284210949319,0.8,0.15195751053811807,3
42,independent,leo,42,45000.0,True,271.62478761398233,2068860928,165.6697107627432,273.50809064403944,0.93,0.92,93,92,629,11,603,89,494,88,98,74,337,199,184635.00000000003,354488.00000000006,49377.00000000001,0.0,0.3657555555555556,49377.00000000001,994,349.0,330.0,286.0,273.0,247.55742160324021,25.95066904079925,0.0,0.0,0.8270659185519953,0.8,0.13594560720145707,3
43,independent,leo,43,45000.0,True,187.90456451661885,2064072704,239.48327235031093,283.66320485275486,0.92,0.92,92,92,658,8,618,89,520,87,134,80,425,267,431798.0,821413.0,49655.0,0.0,0.3678148148148148,49655.0,1020,382.0,352.0,282.0,266.0,256.8981106440941,26.765094208660738,0.0,0.0,0.7714010316485146,0.8,0.13382571514693814,3
44,independent,leo,44,45000.0,True,268.6118929979857,2069327872,167.52795082061928,295.12600594578515,0.98,0.96,98,96,668,17,628,91,523,91,112,82,381,219,204720.00000000003,399143.0,52937.0,0.0,0.39212592592592593,52937.0,1024,379.0,350.0,298.0,278.0,267.43938394112234,27.686622004662713,0.0,0.0,0.8220706709914508,0.8,0.12534988513246836,3
45,independent,leo,45,45000.0,True,196.19565352494828,2065362944,229.36287930699643,296.40286084874515,0.95,0.95,95,95,672,11,666,89,556,88,111,76,394,235,316468.0,606369.0,53110.0,0.0,0.39340740740740743,53110.0,1022,388.0,385.0,288.0,281.0,267.5391289192836,28.863731929461558,0.0,0.0,0.8116319941703738,0.8,0.126055151464498,3
46,independent,leo,46,45000.0,True,214.5981993796304,1989427200,209.69421052966854,282.2923849190042,0.96,0.96,96,96,662,10,634,92,520,90,105,84,403,242,306054.0,591746.0,48754.0,0.0,0.36114074074074076,48754.0,1022,371.0,358.0,296.0,276.0,255.86999867137158,26.422386247632932,0.0,0.0,0.8598500120232734,0.8,0.1370434171964059,3
47,independent,leo,47,45000.0,True,303.278121478972,2068238336,148.3786558046196,289.3761050913855,0.91,0.9,91,90,653,13,608,87,510,87,131,82,421,262,315263.0,608066.0,52802.0,0.0,0.39112592592592593,52802.0,1015,385.0,355.0,277.0,253.0,262.4283717860597,26.9477333053258,0.0,0.0,0.8608280708875566,0.8,0.12614736893118947,3
48,independent,leo,48,45000.0,True,277.08189286792185,2066841600,162.4068593376125,278.2880392270335,0.95,0.95,95,95,658,14,614,89,509,89,102,77,332,189,226205.00000000003,428140.00000000006,53136.0,0.0,0.3936,53136.0,1020,383.0,354.0,283.0,260.0,252.81134168957283,25.47669753746075,0.0,0.0,0.8160499636735926,0.8,0.13529058548144193,3
49,independent,leo,49,45000.0,True,270.5996288069291,2060914688,166.29734563349004,268.8335258180851,0.93,0.93,93,93,634,9,600,91,494,91,110,79,370,222,396781.0,722416.0,47571.0,0.0,0.3523777777777778,47571.0,995,363.0,336.0,279.0,264.0,243.18709323250212,25.646432585582808,0.0,0.0,0.8526961477654345,0.8,0.13326029040468762,3
50,independent,mixed,0,45000.0,True,368.9297784511,2068553728,121.97443152712204,314.3779270553845,0.95,0.94,95,94,795,3,748,94,653,92,153,90,524,314,447057.0,853639.0,58526.0,0.0,0.4335259259259259,58526.0,1127,476.0,452.0,321.0,296.0,285.1325834130049,29.245343642379698,0.0,0.0,0.8131879964710377,0.8,0.1442303490438163,3
51,independent,mixed,1,45000.0,True,227.89448368083686,2061807616,197.45980364764728,327.48107582467674,0.99,0.99,99,99,822,5,760,94,653,92,109,87,447,259,400651.0,770750.0,64596.000000000015,0.0,0.478488888888889,64596.000000000015,1149,491.0,441.0,333.0,319.0,295.82270902424125,31.65836680043556,0.0,0.0,0.6497669912551958,0.8,0.12827951313899502,3
52,independent,mixed,2,45000.0,True,210.5915557825938,2056187904,213.68378153992168,314.9567912747252,0.93,0.93,93,93,818,5,795,90,695,90,161,86,545,341,442034.0,821894.0,62105.0,0.0,0.460037037037037,62105.0,1139,508.0,489.0,313.0,306.0,284.06093355182355,30.89585772290151,0.0,0.0,0.7139915746173506,0.8,0.1486170098279556,3
53,independent,mixed,3,45000.0,True,261.9244657056406,2069053440,171.80525644585066,306.77529401942274,0.94,0.94,94,94,776,4,734,87,632,86,138,84,486,292,416899.0,795387.0000000001,58530.0,0.0,0.4335555555555556,58530.0,1108,464.0,434.0,313.0,300.0,277.09697095201386,29.67832306740887,0.0,0.0,0.8176868010417551,0.8,0.16591276605928326,3
54,independent,mixed,4,45000.0,True,318.1989834688138,2063892480,141.42094204524818,307.7916842580828,0.97,0.97,97,97,785,5,758,94,655,94,141,90,517,319,423301.0,782401.0,57963.0,0.0,0.42935555555555555,57963.0,1134,476.0,460.0,311.0,298.0,278.34881309414413,29.44287116393876,0.0,0.0,0.886515226445457,0.8,0.1369558783799303,3
55,independent,mixed,5,45000.0,True,271.66131365764886,2067333120,165.64743575049332,311.00020245137887,0.95,0.94,95,94,820,5,798,88,691,88,140,83,495,298,360244.0,676141.0,65456.0,0.0,0.48485925925925927,65456.0,1139,502.0,487.0,321.0,311.0,280.64702582063427,30.353176630744578,0.0,0.0,0.8867155901828613,0.8,0.14134345936945253,3
56,independent,mixed,6,45000.0,True,212.65292394999415,2067984384,211.61242067182607,330.8401027718121,0.98,0.98,98,98,829,5,798,94,691,94,161,91,494,296,388577.0,752855.0,62130.0,0.0,0.4602222222222222,62130.0,1163,497.0,493.0,333.0,305.0,300.20874664499024,30.63135612682188,0.0,0.0,0.7795663386386398,0.8,0.1263011103105614,3
57,independent,mixed,7,45000.0,True,227.66342873871326,1990594560,197.6602050197794,317.2117331611068,0.99,0.99,99,99,794,6,790,93,683,93,170,87,497,294,455092.00000000006,873553.0,60038.000000000015,0.0,0.444725925925926,60038.000000000015,1118,477.0,477.0,322.0,313.0,286.05344827641255,31.15828488469434,0.0,0.0,0.8017162595331698,0.8,0.13609746418181054,3
58,independent,mixed,8,45000.0,True,202.84472934063524,2072424448,221.84456133652813,330.011770844912,0.99,0.99,99,99,825,6,778,97,674,97,165,91,535,325,412495.0,783343.0,61696.0,0.0,0.4570074074074074,61696.0,1144,495.0,464.0,333.0,314.0,298.7712673070364,31.240503537875448,0.0,0.0,0.7021695482135532,0.8,0.14825528200046745,3
59,independent,mixed,9,45000.0,True,352.6647243127227,2069446656,127.5999466283353,317.5765487069955,0.97,0.97,97,97,812,5,770,94,671,94,126,91,440,246,322417.0,627593.0,63375.000000000015,0.0,0.46944444444444455,63375.000000000015,1128,496.0,487.0,318.0,283.0,289.205815933997,28.370732772998526,0.0,0.0,0.8351930659894049,0.8,0.14406225769273553,3
60,independent,mixed,10,45000.0,True,218.44625219609588,2063970304,206.00032981844973,334.1819949038083,0.97,0.97,97,97,833,4,807,93,702,93,163,91,527,308,400706.0,764285.0,62211.0,0.0,0.46082222222222224,62211.0,1153,503.0,491.0,333.0,316.0,302.2013167162268,31.980678187581262,0.0,0.0,0.6815592677968009,0.8,0.12690313389333177,3
61,independent,mixed,11,45000.0,True,276.50919776037335,2072117248,162.74323011488977,314.652993123967,0.97,0.96,97,96,808,5,799,95,700,95,146,92,479,286,350642.0,678371.0,64629.0,0.0,0.47873333333333334,64629.0,1141,489.0,492.0,321.0,307.0,284.4340139767589,30.218979147208128,0.0,0.0,0.8210116749018069,0.8,0.12612497749328377,3
62,independent,mixed,12,45000.0,True,234.79764134297147,2074714112,191.65439543009722,305.4746820439256,0.97,0.97,97,97,821,6,792,95,691,95,161,90,487,293,394869.0,745440.0,62844.0,0.0,0.4655111111111111,62844.0,1158,505.0,490.0,320.0,302.0,276.426923030955,29.04775901297058,0.0,0.0,0.8474446331739476,0.8,0.15110351839604927,3
63,independent,mixed,13,45000.0,True,227.63645235076547,1989451776,197.68362902905994,319.15282863030217,0.94,0.94,94,94,788,7,750,93,656,93,136,86,463,291,303704.0,572739.0,59621.0,0.0,0.44163703703703705,59621.0,1131,468.0,446.0,323.0,304.0,288.8735293407629,30.279299289539104,0.0,0.0,0.7294868785962276,0.8,0.12033218000088007,3
64,independent,mixed,14,45000.0,True,221.50702420715243,2068307968,203.1538284669302,307.66734287197636,0.94,0.93,94,93,779,4,756,90,653,89,151,88,504,315,467455.0,907607.0,56277.0,0.0,0.41686666666666666,56277.0,1116,474.0,468.0,309.0,288.0,278.83676552532836,28.830577346647967,0.0,0.0,0.7952803007200083,0.8,0.12961187557988935,3
65,independent,mixed,15,45000.0,True,316.64836098602973,2066702336,142.11347837036607,324.85961791529803,0.97,0.97,97,97,810,2,788,92,687,91,155,84,494,304,316698.0,597418.0,59581.0,0.0,0.44134074074074076,59581.0,1148,486.0,476.0,324.0,312.0,293.63498271536037,31.224635199937786,0.0,0.0,0.8621976212917071,0.8,0.12787264538797086,3
66,independent,mixed,16,45000.0,True,285.4251042290125,2068090880,157.6595728030075,325.70406910168276,0.95,0.95,95,95,831,4,766,92,660,91,125,86,474,280,297927.0,575972.0,63621.0,0.0,0.47126666666666667,63621.0,1157,507.0,473.0,325.0,293.0,296.1748738458043,29.52919525587862,0.0,0.0,0.8443038814618763,0.8,0.13006343627375308,3
67,independent,mixed,17,45000.0,True,248.62480081804097,2031554560,180.9956201148806,307.2422622150475,0.98,0.98,98,98,803,6,775,93,674,92,147,83,502,309,406456.0,773643.0,60075.0,0.0,0.445,60075.0,1141,492.0,483.0,315.0,292.0,278.43429813746246,28.807964077585115,0.0,0.0,0.7889224638241238,0.8,0.136067115735296,3
68,independent,mixed,18,45000.0,True,227.64387608133256,2033831936,197.67718233686378,313.200141699138,0.96,0.96,96,96,784,6,734,90,631,90,157,83,507,310,350389.0,660855.0,57342.0,0.0,0.42475555555555555,57342.0,1121,475.0,446.0,310.0,288.0,284.1984838070045,29.0016578921337,0.0,0.0,0.8376940550065779,0.8,0.12757769083111453,3
69,independent,mixed,19,45000.0,True,325.1242335969582,2067009536,138.40863076292388,327.70112274107794,0.98,0.98,98,98,838,3,790,97,688,97,163,87,496,291,410672.0,769169.0,67253.0,0.0,0.4981703703703704,67253.0,1158,512.0,481.0,328.0,309.0,296.28529017573106,31.415832565346747,0.0,0.0,0.8114343990625831,0.8,0.12390428981808424,3
70,independent,mixed,20,45000.0,True,289.3319176849909,2064785408,155.53071489676984,320.0370809112469,0.96,0.96,96,96,803,6,723,90,618,88,152,84,513,302,402946.0,762139.0,60087.0,0.0,0.44508888888888887,60087.0,1118,488.0,440.0,319.0,283.0,290.9543264271896,29.082754484057304,0.0,0.0,0.7614788338039202,0.8,0.12679643976701094,3
71,independent,mixed,21,45000.0,True,321.2036806170363,2070695936,140.09802102377668,311.38454181639105,0.97,0.97,97,97,760,6,720,92,617,91,141,84,491,315,352783.0,676082.0,55644.0,0.0,0.41217777777777775,55644.0,1106,447.0,421.0,318.0,299.0,282.0824484766275,29.302093339763385,0.0,0.0,0.8714979577169956,0.8,0.13196697628491347,3
72,independent,mixed,22,45000.0,True,201.48826888017356,2063581184,223.33806454390555,326.7325959768895,1.0,1.0,100,100,837,7,798,98,694,98,154,89,529,320,356339.0,685346.0,64986.0,0.0,0.4813777777777778,64986.0,1158,506.0,483.0,335.0,315.0,295.91700371857235,30.81559225831718,0.0,0.0,0.70930764264853,0.8,0.13032140756538094,3
73,independent,mixed,23,45000.0,True,326.1981106339954,2070556672,137.9529756090201,317.3498284282789,0.98,0.98,98,98,823,3,815,95,707,95,157,89,509,307,389827.0,752174.0,61492.0,0.0,0.4554962962962963,61492.0,1164,506.0,505.0,319.0,310.0,286.4091718228318,30.94065660544719,0.0,0.0,0.8727906118931159,0.8,0.16326798932974412,3
74,independent,mixed,24,45000.0,True,287.94683058117516,2065637376,156.27885158233767,332.269003898037,0.97,0.97,97,97,835,7,793,94,684,94,157,89,508,316,380754.0,725800.0,65112.0,0.0,0.48231111111111113,65112.0,1163,505.0,480.0,335.0,313.0,300.9487357210187,31.320268177018303,0.0,0.0,0.7908593339063966,0.8,0.14214485893801948,3
75,independent,mixed,25,45000.0,True,235.2286231573671,2060333056,191.30324956200232,315.3202161233424,0.98,0.97,98,97,844,6,777,93,675,92,127,87,499,300,337042.0,644666.0,65908.0,0.0,0.4882074074074074,65908.0,1166,527.0,477.0,322.0,300.0,285.54490703379224,29.77530908954985,0.0,0.0,0.7516082191312387,0.8,0.11885437100266553,3
76,independent,mixed,26,45000.0,True,235.54056358989328,2028290048,191.04989524586026,323.5441593022505,0.97,0.97,97,97,794,7,743,96,636,95,163,93,533,328,545228.0,1006644.0,58601.0,0.0,0.43408148148148146,58601.0,1136,478.0,451.0,319.0,292.0,294.01334209235245,29.53081720989797,0.0,0.0,0.8844462208380033,0.8,0.1559815497109555,3
77,independent,mixed,27,45000.0,True,222.85783903300762,2064920576,201.92244614440068,321.9685672315295,0.97,0.97,97,97,790,7,761,94,656,94,168,87,517,323,383957.0,725257.0,57727.0,0.0,0.4276074074074074,57727.0,1133,476.0,462.0,319.0,299.0,291.8419363724626,30.126630859066893,0.0,0.0,0.8694798007316978,0.8,0.13171016909060201,3
78,independent,mixed,28,45000.0,True,295.68581159901805,2067550208,152.18856717083492,324.3946007125969,0.96,0.96,96,96,816,4,765,94,663,94,126,87,453,277,304802.0,579707.0,61391.0,0.0,0.4547481481481481,61391.0,1154,488.0,453.0,329.0,312.0,293.7271491449817,30.66745156761509,0.0,0.0,0.5830897397278682,0.8,0.13231706354258388,3
79,independent,mixed,29,45000.0,True,292.2030076839728,2065211392,154.00252159166337,318.3131163834921,0.96,0.96,96,96,792,4,768,94,664,94,143,84,506,309,448370.0,858131.0,58641.0,0.0,0.43437777777777775,58641.0,1125,471.0,472.0,322.0,296.0,289.03003599414996,29.283080389342185,0.0,0.0,0.6096069145909055,0.8,0.1321263069738854,3
80,independent,mixed,30,45000.0,True,324.2747213089606,2062721024,138.7712240360702,316.304124390842,0.99,0.99,99,99,785,3,774,94,666,94,172,87,509,309,415393.0,781240.0,59131.0,0.0,0.4380074074074074,59131.0,1129,471.0,470.0,317.0,304.0,286.1759797963639,30.128144594478062,0.0,0.0,0.808924543796835,0.8,0.1293081475591771,3
81,independent,mixed,31,45000.0,True,254.59598307777196,2068353024,176.75062841134363,321.3624980685998,0.96,0.95,96,95,799,7,754,92,654,92,135,82,478,310,342528.0,655110.0,60703.000000000015,0.0,0.44965185185185197,60703.000000000015,1150,476.0,444.0,327.0,310.0,290.6200543282215,30.742443740378196,0.0,0.0,0.8407292802382578,0.8,0.1520665035135974,3
82,independent,mixed,32,45000.0,True,320.90650248201564,2070093824,140.2277599610868,321.88511166124476,0.98,0.98,98,98,839,5,774,96,674,96,148,92,516,298,497817.0,940389.0,64414.000000000015,0.0,0.47714074074074087,64414.000000000015,1155,517.0,478.0,326.0,296.0,292.56158240813596,29.323529253108674,0.0,0.0,0.8634771830900965,0.8,0.12893026214801848,3
83,independent,mixed,33,45000.0,True,328.9335117730079,2062827520,136.8057628346905,345.2849102981128,0.97,0.97,97,97,827,4,779,95,673,95,171,92,522,320,401050.0,773232.0,62116.0,0.0,0.46011851851851854,62116.0,1154,492.0,457.0,338.0,322.0,312.2677863439491,33.0171239541637,0.0,0.0,0.8672860747170597,0.8,0.12838295038961198,3
84,independent,mixed,34,45000.0,True,196.68290694057941,2063282176,228.79466599298897,315.2149583752397,0.97,0.97,97,97,784,3,714,88,607,88,134,84,487,282,507609.0,957066.0,57946.0,0.0,0.4292296296296296,57946.0,1096,464.0,422.0,322.0,292.0,286.2832257592887,28.931732615951013,0.0,0.0,0.623283407083818,0.8,0.11480176524194509,3
85,independent,mixed,35,45000.0,True,254.0166082540527,2067136512,177.15377080774815,326.85711978691404,0.99,0.99,99,99,848,3,830,95,725,94,148,91,515,300,385400.0,745725.0,64348.0,0.0,0.4766518518518518,64348.0,1182,521.0,509.0,328.0,321.0,294.84969206604586,32.00742772086779,0.0,0.0,0.8404349695059447,0.8,0.13304151336639422,3
86,independent,mixed,36,45000.0,True,330.9588312470587,2069737472,135.96857298063088,309.5088199115039,0.97,0.96,97,96,817,5,719,94,617,92,120,91,542,323,486068.0,911574.0,63199.0,0.0,0.46814074074074075,63199.0,1128,494.0,435.0,325.0,284.0,282.25022660469045,27.25859330681342,0.0,0.0,0.7078764413694977,0.8,0.13584560656985312,3
87,independent,mixed,37,45000.0,True,330.33124355308246,2062594048,136.22689611789247,313.4934717328677,0.94,0.94,94,94,806,7,747,91,650,91,145,89,538,327,400857.0,779266.0,59294.0,0.0,0.43921481481481484,59294.0,1138,492.0,452.0,317.0,295.0,284.05787045823575,29.435601274631917,0.0,0.0,0.7212202309050405,0.8,0.14089586178130098,3
88,independent,mixed,38,45000.0,True,333.4364507339196,2063568896,134.9582503681031,316.03232688925505,1.0,1.0,100,100,828,4,771,95,666,95,168,92,545,319,456942.00000000006,864860.0,62592.0,0.0,0.46364444444444447,62592.0,1156,500.0,471.0,330.0,300.0,286.98233722142265,29.049989667832456,0.0,0.0,0.7522967453201417,0.8,0.12057127509553796,3
89,independent,mixed,39,45000.0,True,199.86239734850824,2067128320,225.1549095627611,329.7466898000297,0.98,0.98,98,98,807,5,741,94,633,93,129,92,456,261,356899.0,695458.0,64753.0,0.0,0.47965185185185183,64753.0,1123,483.0,445.0,328.0,296.0,299.89029867727805,29.85639112275169,0.0,0.0,0.7866036592425859,0.8,0.14087214244038707,3
90,independent,mixed,40,45000.0,True,266.75103257689625,2061959168,168.69662908250547,298.5867694696691,0.94,0.94,94,94,746,4,731,89,629,88,172,85,453,271,390272.0,740589.0,55014.000000000015,0.0,0.4075111111111112,55014.000000000015,1107,442.0,439.0,305.0,292.0,269.90342508610934,28.683344383560126,0.0,0.0,0.6415323316506827,0.8,0.12200046063848503,3
91,independent,mixed,41,45000.0,True,230.4727411782369,2056032256,195.25085600122702,338.51184198743914,0.97,0.97,97,97,810,2,784,96,680,95,146,84,460,287,309197.0,595056.0,61445.0,0.0,0.45514814814814814,61445.0,1146,479.0,475.0,333.0,309.0,306.793318171186,31.718523816253516,0.0,0.0,0.657615586499221,0.8,0.12753917031362275,3
92,independent,mixed,42,45000.0,True,283.68435979890637,2070999040,158.62700373012765,322.19583904667,0.93,0.93,93,93,797,2,759,91,659,91,137,80,475,292,315005.0,603698.0,57974.0,0.0,0.42943703703703706,57974.0,1130,475.0,451.0,323.0,308.0,291.4404837390663,30.755355307603892,0.0,0.0,0.792662297787724,0.8,0.11797493668862187,3
93,independent,mixed,43,45000.0,True,293.3766577030765,2067759104,153.3864362363281,321.55714949043664,0.95,0.95,95,95,798,5,754,94,655,92,158,88,506,311,456394.0,880968.0,60828.0,0.0,0.4505777777777778,60828.0,1139,484.0,460.0,318.0,294.0,291.62077356548906,29.936375924947487,0.0,0.0,0.7166390130174594,0.8,0.12404421997553154,3
94,independent,mixed,44,45000.0,True,204.53963067010045,2070114304,220.00626407984458,340.0603780076759,0.97,0.96,97,96,841,4,785,95,687,95,141,91,504,306,393722.0,751774.0,63382.0,0.0,0.4694962962962963,63382.0,1172,512.0,474.0,332.0,311.0,307.8671156714143,32.19326233626181,0.0,0.0,0.6310775961338807,0.8,0.13603608158637603,3
95,independent,mixed,45,45000.0,True,235.416651670821,2033528832,191.15045465400092,338.6656812110941,1.0,0.99,100,99,855,4,846,97,743,97,147,86,479,282,393634.0,745032.0,66784.0,0.0,0.4946962962962963,66784.0,1191,519.0,527.0,337.0,319.0,306.71203531886937,31.953645892224745,0.0,0.0,0.7977904196590252,0.8,0.12963536071745263,3
96,independent,mixed,46,45000.0,True,294.28493793390226,2069053440,152.91302475734318,318.0941998035931,0.97,0.97,97,97,803,3,781,94,673,94,148,91,522,324,435757.0,812482.0,60148.0,0.0,0.44554074074074074,60148.0,1142,488.0,473.0,318.0,308.0,287.5053369278092,30.588862875783878,0.0,0.0,0.6786626730668468,0.8,0.1413488077555833,3
97,independent,mixed,47,45000.0,True,246.75875162519515,2042875904,182.3643526465519,309.9903914196219,0.95,0.95,95,95,780,8,729,92,626,92,155,86,554,348,427442.0,831410.0,56062.0,0.0,0.4152740740740741,56062.0,1129,474.0,438.0,310.0,291.0,280.7245577513784,29.265833668243506,0.0,0.0,0.8807207433057216,0.8,0.13053804365482652,3
98,independent,mixed,48,45000.0,True,289.44272335094865,2065252352,155.47117398227905,312.2170922034386,0.98,0.98,98,98,810,1,770,95,668,95,118,86,470,272,363919.0,689914.0,62433.0,0.0,0.4624666666666667,62433.0,1132,492.0,480.0,319.0,290.0,283.65350179532317,28.563590408115743,0.0,0.0,0.8108442667647128,0.8,0.14430366603294476,3
99,independent,mixed,49,45000.0,True,291.9087288649753,2064973824,154.15777450360216,315.5292689158146,0.97,0.97,97,97,773,4,748,92,642,92,146,87,460,285,536107.0,1002409.0,57017.0,0.0,0.42234814814814814,57017.0,1120,462.0,455.0,314.0,293.0,285.64628461936275,29.882984296451617,0.0,0.0,0.6930018245290904,0.8,0.13037377718331278,3
100,centralized_full_state,leo,0,45000.0,True,239.89228048594669,2066202624,187.58419365910433,287.3216086464755,0.91,0.91,91,91,290,3,284,75,153,74,0,1,2,1,242.0,484.0,0.0,0.0,0.0,0.0,705,0.0,0.0,290.0,284.0,259.18742712494293,28.134181521532618,0.0,0.0,0.8848997252142232,0.74,0.1263791681653804,3
101,centralized_full_state,leo,1,45000.0,True,254.3780567329377,2068971520,176.90205113581737,311.8289675778632,0.97,0.97,97,97,319,4,290,74,127,70,0,0,0,0,0.0,0.0,0.0,0.0,0.0,0.0,726,0.0,0.0,319.0,290.0,282.96565675421107,28.86331082365194,0.0,0.0,0.8449267161312585,0.5,0.1278408021005816,3
102,centralized_full_state,leo,2,45000.0,True,236.42164215596858,2062188544,190.33790472664626,303.28351512002394,0.95,0.95,95,95,304,2,297,71,148,70,1,3,6,3,1484.0,2968.0,0.0,0.0,0.0,0.0,723,0.0,1.0,304.0,296.0,273.5932778039448,29.690237316079077,0.0,0.0,0.8705182852381219,0.8,0.12688498448057645,3
103,centralized_full_state,leo,3,45000.0,True,167.03436828963459,2065080320,269.405634665381,323.1539689127883,0.96,0.95,96,95,325,5,304,74,147,72,0,7,14,7,5128.0,10256.0,0.0,0.0,0.0,0.0,729,0.0,0.0,325.0,304.0,292.83358898208775,30.320379930700586,0.0,0.0,0.8640621351930251,0.78,0.1399511750379765,3
104,centralized_full_state,leo,4,45000.0,True,210.01685697212815,2061189120,214.26851467438186,302.1812713684516,0.96,0.94,96,94,312,2,296,70,140,68,0,3,6,3,2909.0,5818.0,0.0,0.0,0.0,0.0,736,0.0,0.0,312.0,296.0,273.00181400784265,29.179457360608865,0.0,0.0,0.8892726329708984,0.72,0.12512679752788416,3
105,centralized_full_state,leo,5,45000.0,True,191.46241060830653,2058293248,235.0330796370308,281.83091793334626,0.9,0.88,90,88,285,6,280,71,142,70,0,1,2,1,344.0,688.0,0.0,0.0,0.0,0.0,707,0.0,0.0,285.0,280.0,254.00574765585037,27.825170277495637,0.0,0.0,0.8830554834016445,0.64,0.11985357911068197,3
106,centralized_full_state,leo,6,45000.0,True,239.68168569810223,2067595264,187.74901331710845,325.43280861712674,0.96,0.96,96,96,316,5,304,70,145,67,1,7,14,7,3683.0,7366.0,0.0,0.0,0.0,0.0,731,0.0,1.0,316.0,303.0,294.26256907651873,31.17023954060813,0.0,0.0,0.8728440077037869,0.8,0.11584134895850381,3
107,centralized_full_state,leo,7,45000.0,True,238.1132875509793,2068828160,188.9856734280973,299.5801892511304,0.95,0.95,95,95,308,7,280,71,124,67,0,0,0,0,0.0,0.0,0.0,0.0,0.0,0.0,714,0.0,0.0,308.0,280.0,271.9513153302156,27.628873920914778,0.0,0.0,0.8646441181226989,0.58,0.127956995223488,3
108,centralized_full_state,leo,8,45000.0,True,240.51893969997764,2067808256,187.09545309044194,323.35520016550254,0.96,0.95,96,95,319,2,288,80,150,76,1,2,4,2,344.0,688.0,0.0,0.0,0.0,0.0,729,0.0,1.0,319.0,287.0,294.08694970294476,29.26825046255757,0.0,0.0,0.8916960278070656,0.72,0.12737465968107006,3
109,centralized_full_state,leo,9,45000.0,True,167.828150017187,2067972096,268.13141892698945,327.5337129283588,0.97,0.97,97,97,328,5,286,77,141,75,0,0,0,0,0.0,0.0,0.0,0.0,0.0,0.0,729,0.0,0.0,328.0,286.0,298.0139486719213,29.51976425643772,0.0,0.0,0.868958110813132,0.72,0.13148321968476082,3
110,centralized_full_state,leo,10,45000.0,True,232.36040803208016,2060861440,193.66466250045147,311.11036783063525,0.96,0.96,96,96,319,5,313,82,176,82,0,1,2,1,212.0,424.0,0.0,0.0,0.0,0.0,724,0.0,0.0,319.0,313.0,280.51902335079814,30.5913444798372,0.0,0.0,0.8782515058077943,0.62,0.11833769888172982,3
111,centralized_full_state,leo,11,45000.0,True,259.7836859698873,2065870848,173.22103900402797,301.49638870975804,0.97,0.97,97,97,307,4,298,74,152,74,0,5,10,5,2610.0,5220.0,0.0,0.0,0.0,0.0,735,0.0,0.0,307.0,298.0,272.2315345824728,29.264854127285293,0.0,0.0,0.8671470427274057,0.62,0.11543545731180936,3
112,centralized_full_state,leo,12,45000.0,True,210.0325134601444,2002747392,214.25254242143401,299.8886875771925,0.95,0.95,95,95,310,9,300,75,156,73,0,1,2,1,917.0,1834.0,0.0,0.0,0.0,0.0,734,0.0,0.0,310.0,300.0,270.54326673545825,29.345420841734267,0.0,0.0,0.8631895446780854,0.74,0.1196878031322654,3
113,centralized_full_state,leo,13,45000.0,True,195.17895556334406,1999081472,230.55764321576945,325.63966981347403,0.94,0.94,94,94,308,3,290,78,150,76,1,10,20,10,3070.0000000000055,6140.000000000011,0.0,0.0,0.0,0.0,710,0.0,1.0,308.0,289.0,294.6197180553747,31.019951758099282,0.0,0.0,0.8560375167153892,0.76,0.1201631179760344,3
114,centralized_full_state,leo,14,45000.0,True,184.1292989300564,2064588800,244.3934792642303,316.69774728792095,0.95,0.95,95,95,321,3,317,76,169,75,1,4,8,4,1966.0,3932.0,0.0,0.0,0.0,0.0,734,0.0,1.0,321.0,316.0,285.3699345313383,31.327812756582517,0.0,0.0,0.8828817219065419,0.8,0.11619670489785339,3
115,centralized_full_state,leo,15,45000.0,True,261.0472287450684,2065620992,172.38259994686925,307.22131921173076,0.98,0.98,98,98,313,5,299,80,149,78,0,5,10,5,4931.0000000000055,9862.000000000011,0.0,0.0,0.0,0.0,734,0.0,0.0,313.0,299.0,277.444979800296,29.776339411434776,0.0,0.0,0.8785427220322429,0.8,0.12401296243018328,3
116,centralized_full_state,leo,16,45000.0,True,243.10205806815065,2062127104,185.10744153134567,330.8939808380511,0.93,0.93,93,93,319,3,280,78,133,71,0,2,4,2,1261.0,2522.0,0.0,0.0,0.0,0.0,733,0.0,0.0,319.0,280.0,301.6197966464454,29.274184191605595,0.0,0.0,0.8712783028945429,0.72,0.1081437541716064,3
117,centralized_full_state,leo,17,45000.0,True,259.45708178100176,2067218432,173.43908939044823,317.7558418163557,0.96,0.96,96,96,312,4,301,77,151,75,0,0,0,0,0.0,0.0,0.0,0.0,0.0,0.0,723,0.0,0.0,312.0,301.0,287.04867611116913,30.70716570518647,0.0,0.0,0.8779310216101684,0.64,0.12484526246342974,3
118,centralized_full_state,leo,18,45000.0,True,242.848241851083,2063695872,185.30090914800385,320.47815930254876,0.92,0.92,92,92,314,4,307,72,150,71,1,3,6,3,2014.0,4028.0,0.0,0.0,0.0,0.0,731,0.0,1.0,314.0,306.0,289.38418300054553,31.09397630200337,0.0,0.0,0.8792326246418555,0.48,0.13323826355452972,3
119,centralized_full_state,leo,19,45000.0,True,260.9046118030092,2067525632,172.4768285582332,294.3836654948817,0.93,0.92,93,92,299,4,269,74,148,72,3,8,16,8,4269.0,8538.0,0.0,0.0,0.0,0.0,730,0.0,3.0,299.0,266.0,267.70292021589506,26.68074527898691,0.0,0.0,0.8797683445945572,0.74,0.12985464393689686,3
120,centralized_full_state,leo,20,45000.0,True,192.75661235768348,2028597248,233.45502626128848,313.6530091039755,0.95,0.95,95,95,305,5,273,74,128,69,0,0,0,0,0.0,0.0,0.0,0.0,0.0,0.0,713,0.0,0.0,305.0,273.0,285.25177740393553,28.401231700040093,0.0,0.0,0.8490662669569053,0.6,0.11959476048148752,3
121,centralized_full_state,leo,21,45000.0,True,180.46632907353342,2066939904,249.3539943490741,303.6209735593073,0.95,0.95,95,95,307,7,293,70,134,68,1,4,8,4,665.0,1330.0,0.0,0.0,0.0,0.0,720,0.0,1.0,307.0,292.0,274.44012647000176,29.180847089305537,0.0,0.0,0.8784062809755967,0.66,0.12028827916456612,3
122,centralized_full_state,leo,22,45000.0,True,189.44941315613687,2066120704,237.5304269900944,319.8290001249883,0.96,0.95,96,95,316,5,311,82,165,81,0,0,0,0,0.0,0.0,0.0,0.0,0.0,0.0,719,0.0,0.0,316.0,311.0,288.3958982754236,31.433101849564764,0.0,0.0,0.8791900746106799,0.68,0.12816321764839586,3
123,centralized_full_state,leo,23,45000.0,True,261.5004376920406,2061942784,172.08384198956807,276.65391392899716,0.88,0.88,88,88,281,2,278,69,148,69,0,0,0,0,0.0,0.0,0.0,0.0,0.0,0.0,706,0.0,0.0,281.0,278.0,249.24957734878413,27.404336580212988,0.0,0.0,0.8834740249696318,0.58,0.12398297265661423,3
124,centralized_full_state,leo,24,45000.0,True,240.6075659849448,2067251200,187.02653765599257,290.5513927229182,0.92,0.92,92,92,289,4,272,74,133,72,0,0,0,0,0.0,0.0,0.0,0.0,0.0,0.0,706,0.0,0.0,289.0,272.0,262.78201334513324,27.7693793777851,0.0,0.0,0.8772457312172756,0.66,0.12408380531527463,3
125,centralized_full_state,leo,25,45000.0,True,232.6942448380869,2064613376,193.38681982148663,317.7903374037498,0.96,0.94,96,94,316,2,283,78,141,74,0,3,6,3,2745.0,5490.0,0.0,0.0,0.0,0.0,717,0.0,0.0,316.0,283.0,288.96406253394565,28.826274869803754,0.0,0.0,0.8738697523622088,0.74,0.12102125759374337,3
126,centralized_full_state,leo,26,45000.0,True,238.51207093894482,2069024768,188.66969635058538,324.395381709989,0.95,0.94,95,94,321,3,296,79,147,77,1,7,14,7,6756.0,13512.0,0.0,0.0,0.0,0.0,724,0.0,1.0,321.0,295.0,294.12053753266724,30.274844177321974,0.0,0.0,0.8742718132803907,0.8,0.1527757779364721,3
127,centralized_full_state,leo,27,45000.0,True,181.2817440740764,2063970304,248.23238671849845,300.02835130018366,0.94,0.94,94,94,311,3,302,78,162,77,1,4,8,4,818.0,1636.0,0.0,0.0,0.0,0.0,712,0.0,1.0,311.0,301.0,270.7336019846477,29.294749315535938,0.0,0.0,0.8768646950717672,0.64,0.12014255538131371,3
128,centralized_full_state,leo,28,45000.0,True,194.66652306355536,2069987328,231.16455408878008,307.4888739073068,0.94,0.94,94,94,310,3,298,76,157,73,3,6,12,6,1895.0000000000018,3790.0000000000036,0.0,0.0,0.0,0.0,724,0.0,3.0,310.0,295.0,278.04921107305194,29.439662834254797,0.0,0.0,0.8545706318908265,0.7,0.1350596153281023,3
129,centralized_full_state,leo,29,45000.0,True,185.80370405782014,2066649088,242.19108132524892,315.8594469673423,0.93,0.93,93,93,322,5,310,74,164,73,1,3,6,3,637.0,1274.0,0.0,0.0,0.0,0.0,724,0.0,1.0,322.0,309.0,285.6039078288425,30.255539138499696,0.0,0.0,0.8817791483715327,0.56,0.11390295876728478,3
130,centralized_full_state,leo,30,45000.0,True,250.8830200410448,2066182144,179.36646327295463,269.353189569315,0.93,0.93,93,93,275,8,272,69,133,69,0,0,0,0,0.0,0.0,0.0,0.0,0.0,0.0,701,0.0,0.0,275.0,272.0,242.7411043494193,26.612085219895945,0.0,0.0,0.873735584416563,0.52,0.10588365068753078,3
131,centralized_full_state,leo,31,45000.0,True,270.48089536931366,2069606400,166.37034544919396,299.18873377942475,0.9,0.9,90,90,298,4,288,77,153,74,1,10,20,10,6605.000000000002,13210.000000000004,0.0,0.0,0.0,0.0,714,0.0,1.0,298.0,287.0,270.073009426524,29.11572435290096,0.0,0.0,0.8795441625860727,0.8,0.12934646551536594,3
132,centralized_full_state,leo,32,45000.0,True,333.42534791491926,1991106560,134.96274437863894,316.69976427126494,0.95,0.95,95,95,314,1,292,83,151,79,0,0,0,0,0.0,0.0,0.0,0.0,0.0,0.0,718,0.0,0.0,314.0,292.0,287.2102783051351,29.4894859661298,0.0,0.0,0.8806025215756498,0.68,0.13632840253312423,3
133,centralized_full_state,leo,33,45000.0,True,188.59224050189368,2068455424,238.61002913080162,323.46369904607855,0.92,0.9,92,90,307,4,275,78,151,77,0,11,22,11,8915.0,17830.0,0.0,0.0,0.0,0.0,721,0.0,0.0,307.0,275.0,294.13639416819143,29.327304877887116,0.0,0.0,0.8820296683355274,0.72,0.1243406699287465,3
134,centralized_full_state,leo,34,45000.0,True,162.38848036248237,2070548480,277.1132527353623,298.3256440147193,0.92,0.92,92,92,301,6,272,75,128,69,0,0,0,0,0.0,0.0,0.0,0.0,0.0,0.0,715,0.0,0.0,301.0,272.0,271.4262699093692,26.899374105350173,0.0,0.0,0.8736489080483292,0.6,0.1247380309391837,3
135,centralized_full_state,leo,35,45000.0,True,216.20922569278628,2072158208,208.13172914249702,300.78388158678644,0.94,0.94,94,94,300,5,293,72,146,72,0,0,0,0,0.0,0.0,0.0,0.0,0.0,0.0,718,0.0,0.0,300.0,293.0,271.2796990896917,29.504182497094828,0.0,0.0,0.8493857017435361,0.64,0.12064380743723,3
136,centralized_full_state,leo,36,45000.0,True,254.66612614295445,2069323776,176.70194572614525,311.88580005599425,0.93,0.93,93,93,310,5,260,71,120,70,0,0,0,0,0.0,0.0,0.0,0.0,0.0,0.0,719,0.0,0.0,310.0,260.0,285.51562144691997,26.370178609074443,0.0,0.0,0.8795218322190131,0.66,0.12582709453698035,3
137,centralized_full_state,leo,37,45000.0,True,212.7153418948874,2064855040,211.55032636168107,315.71552903710375,0.93,0.93,93,93,312,6,297,73,154,72,0,0,0,0,0.0,0.0,0.0,0.0,0.0,0.0,736,0.0,0.0,312.0,297.0,285.5565021018586,30.15902693524495,0.0,0.0,0.8552551944689107,0.6,0.16108682723624668,3
138,centralized_full_state,leo,38,45000.0,True,204.9330064188689,1989509120,219.5839547096826,315.3373212832915,0.95,0.95,95,95,309,5,276,67,121,64,0,0,0,0,0.0,0.0,0.0,0.0,0.0,0.0,724,0.0,0.0,309.0,276.0,287.03817160313037,28.29914968016115,0.0,0.0,0.8766419706109884,0.68,0.13612450084697283,3
139,centralized_full_state,leo,39,45000.0,True,165.7300329785794,2068201472,271.52592195414724,310.30842352854893,0.93,0.93,93,93,311,8,278,76,128,67,0,0,0,0,0.0,0.0,0.0,0.0,0.0,0.0,730,0.0,0.0,311.0,278.0,282.17473852370574,28.133685004843148,0.0,0.0,0.8430112325187477,0.8,0.11934460142462852,3
140,centralized_full_state,leo,40,45000.0,True,187.80491802748293,2061578240,239.61033860367175,289.91554552668384,0.92,0.92,92,92,297,4,289,64,136,64,0,1,2,1,100.0,200.0,0.0,0.0,0.0,0.0,726,0.0,0.0,297.0,289.0,261.6677739446992,28.247771581984452,0.0,0.0,0.8533469067952819,0.72,0.12142740867663913,3
141,centralized_full_state,leo,41,45000.0,True,193.58437862060964,2070061056,232.45677322028064,307.9946739806859,0.92,0.92,92,92,303,8,290,72,146,71,1,3,6,3,1682.0,3364.0,0.0,0.0,0.0,0.0,714,0.0,1.0,303.0,289.0,278.27262794628706,29.72204603439903,0.0,0.0,0.8782819329159886,0.64,0.1121939854333776,3
142,centralized_full_state,leo,42,45000.0,True,192.79226592555642,2067832832,233.41185282492614,285.94355414134657,0.91,0.91,91,91,306,6,293,70,138,70,1,3,6,3,1883.0,3766.0,0.0,0.0,0.0,0.0,721,0.0,1.0,306.0,292.0,258.7447767189596,27.198777422387025,0.0,0.0,0.8891182023269194,0.72,0.12435260206532528,3
143,centralized_full_state,leo,43,45000.0,True,231.26850610109977,2065653760,194.579023139139,303.0066217693588,0.92,0.91,92,91,304,6,267,74,140,71,3,6,12,6,5364.0,10728.0,0.0,0.0,0.0,0.0,712,0.0,3.0,304.0,264.0,276.2533831070824,26.75323866227636,0.0,0.0,0.8616574945963238,0.72,0.12029910177159396,3
144,centralized_full_state,leo,44,45000.0,True,239.02844860393088,2064461824,188.26210964772986,320.5784191121294,0.97,0.95,97,95,324,5,302,77,139,71,0,0,0,0,0.0,0.0,0.0,0.0,0.0,0.0,733,0.0,0.0,324.0,302.0,290.409287658964,30.169131453165207,0.0,0.0,0.8857455380861932,0.64,0.11686232083266335,3
145,centralized_full_state,leo,45,45000.0,True,248.83290987100918,2065158144,180.84424613821076,322.4761773983727,0.95,0.95,95,95,313,6,310,77,162,76,0,0,0,0,0.0,0.0,0.0,0.0,0.0,0.0,737,0.0,0.0,313.0,310.0,290.4542495037234,32.0219278946495,0.0,0.0,0.8734329533514575,0.68,0.12804092347472304,3
146,centralized_full_state,leo,46,45000.0,True,249.41815955098718,2065707008,180.41990238806528,319.1743671334473,0.97,0.96,97,96,329,3,321,82,170,79,0,6,12,6,1221.0,2442.0,0.0,0.0,0.0,0.0,747,0.0,0.0,329.0,321.0,288.04898652807384,31.12538060537382,0.0,0.0,0.8760484962348006,0.8,0.12019465348361592,3
147,centralized_full_state,leo,47,45000.0,True,180.3652943605557,2067136512,249.493674265536,313.5634801089921,0.92,0.91,92,91,301,1,279,74,139,69,0,4,8,4,1101.0000000000036,2202.0000000000073,0.0,0.0,0.0,0.0,714,0.0,0.0,301.0,279.0,284.2798358800271,29.28364422896507,0.0,0.0,0.8785316771416904,0.62,0.11611503700974421,3
148,centralized_full_state,leo,48,45000.0,True,264.73767902108375,2061283328,169.97958192576053,319.1788512388985,0.95,0.95,95,95,321,5,284,73,133,69,0,0,0,0,0.0,0.0,0.0,0.0,0.0,0.0,739,0.0,0.0,321.0,284.0,290.8109070273727,28.36794421152572,0.0,0.0,0.8897163127463021,0.66,0.11630198690907247,3
149,centralized_full_state,leo,49,45000.0,True,192.20937516726553,2065518592,234.11969348966377,296.19033599980787,0.93,0.93,93,93,307,1,292,81,153,79,3,6,12,6,2192.000000000002,4384.000000000004,0.0,0.0,0.0,0.0,727,0.0,3.0,307.0,289.0,268.1705336285348,28.019802371272693,0.0,0.0,0.8701810581797339,0.7,0.12249835739868216,3
150,centralized_full_state,mixed,0,45000.0,True,204.08012165408581,2063699968,220.50163257093035,340.18904903172216,0.95,0.95,95,95,342,1,339,85,204,85,1,2,4,2,153.0,306.0,0.0,0.0,0.0,0.0,734,0.0,1.0,342.0,338.0,306.5696598892371,33.619389142485154,0.0,0.0,0.8880255117833001,0.78,0.12070349748224282,3
151,centralized_full_state,mixed,1,45000.0,True,262.26891801599413,2069794816,171.57961507758893,345.994553930988,0.99,0.99,99,99,354,1,324,86,172,80,0,0,0,0,0.0,0.0,0.0,0.0,0.0,0.0,755,0.0,0.0,354.0,324.0,313.5231311190198,32.471422811968566,0.0,0.0,0.85188276280347,0.6,0.12010966096618039,3
152,centralized_full_state,mixed,2,45000.0,True,169.22727856319398,2063507456,265.91457584183627,340.15941243893724,0.98,0.98,98,98,341,3,335,80,184,80,0,1,2,1,319.0,638.0,0.0,0.0,0.0,0.0,742,0.0,0.0,341.0,335.0,306.7151206677389,33.44429177119831,0.0,0.0,0.8622265285106424,0.62,0.12364115122643946,3
153,centralized_full_state,mixed,3,45000.0,True,228.87982731789816,2061488128,196.6097254062418,339.86641711233096,0.96,0.95,96,95,347,1,318,82,176,78,0,2,4,2,336.0,672.0,0.0,0.0,0.0,0.0,746,0.0,0.0,347.0,318.0,308.51492609021204,31.35149102211912,0.0,0.0,0.8714224467939069,0.8,0.1321670270224269,3
154,centralized_full_state,mixed,4,45000.0,True,195.1460374193266,2064269312,230.59653475466038,347.6329067648978,0.98,0.98,98,98,348,2,338,85,186,85,2,3,6,3,6558.999999999996,13117.999999999993,0.0,0.0,0.0,0.0,755,0.0,2.0,348.0,336.0,314.0998873104655,33.53301945443244,0.0,0.0,0.8860080389493606,0.72,0.13611494797482698,3
155,centralized_full_state,mixed,5,45000.0,True,243.48240011697635,2064584704,184.81828657176302,327.3070641327958,0.95,0.94,95,94,337,2,332,81,173,79,3,4,8,4,155.0,310.0,0.0,0.0,0.0,0.0,749,0.0,3.0,337.0,329.0,295.33696318768676,31.970100945109085,0.0,0.0,0.8688748888891981,0.8,0.12112628810585586,3
156,centralized_full_state,mixed,6,45000.0,True,197.51735803298652,2070908928,227.82807773524766,368.0247007048981,0.98,0.98,98,98,365,6,359,88,205,88,1,9,18,9,5910.0,11820.0,0.0,0.0,0.0,0.0,767,0.0,1.0,365.0,358.0,331.87324754716303,36.151453157735254,0.0,0.0,0.8656445764718277,0.8,0.12590754385890576,3
157,centralized_full_state,mixed,7,45000.0,True,263.09874855191447,2065256448,171.03844183097902,351.974105334029,0.99,0.99,99,99,357,5,355,85,197,85,0,0,0,0,0.0,0.0,0.0,0.0,0.0,0.0,750,0.0,0.0,357.0,355.0,316.87235899719803,35.10174633683083,0.0,0.0,0.8865720008906997,0.72,0.12654350313492552,3
158,centralized_full_state,mixed,8,45000.0,True,199.85417993646115,2065620992,225.16416726588693,354.70026977717,0.99,0.99,99,99,360,1,325,84,165,79,0,12,24,12,10348.0,20696.0,0.0,0.0,0.0,0.0,761,0.0,0.0,360.0,325.0,322.1190344982139,32.58123527895582,0.0,0.0,0.8802937131806995,0.8,0.1319417093345364,3
159,centralized_full_state,mixed,9,45000.0,True,171.53513529058546,2070478848,262.3369254571007,349.2538867080674,0.97,0.97,97,97,350,4,317,81,176,80,0,0,0,0,0.0,0.0,0.0,0.0,0.0,0.0,746,0.0,0.0,350.0,317.0,317.1892411543899,32.06464555367764,0.0,0.0,0.8811870668095036,0.66,0.12488753352269458,3
160,centralized_full_state,mixed,10,45000.0,True,232.33136420196388,2072805376,193.68887259182898,363.2187035329417,0.98,0.98,98,98,358,5,351,87,203,87,0,0,0,0,0.0,0.0,0.0,0.0,0.0,0.0,762,0.0,0.0,358.0,351.0,327.43157123674763,35.787132296193626,0.0,0.0,0.8814351078972478,0.66,0.12004331053499942,3
161,centralized_full_state,mixed,11,45000.0,True,187.06776458397508,2067251200,240.55453968820703,351.6590161500452,0.98,0.97,98,97,354,3,349,86,206,86,0,1,2,1,586.0,1172.0,0.0,0.0,0.0,0.0,758,0.0,0.0,354.0,349.0,317.0143643405535,34.64465180949186,0.0,0.0,0.8503992965119027,0.8,0.12641785920941961,3
162,centralized_full_state,mixed,12,45000.0,True,262.16514430195093,2068606976,171.64753201581544,345.2611642638723,0.97,0.97,97,97,352,3,339,89,196,87,0,2,4,2,755.0,1510.0,0.0,0.0,0.0,0.0,761,0.0,0.0,352.0,339.0,312.00640350837347,33.254760755498715,0.0,0.0,0.8473157558198884,0.8,0.1304235271820181,3
163,centralized_full_state,mixed,13,45000.0,True,247.46914384094998,2063400960,181.840852162651,338.20956814505234,0.95,0.95,95,95,339,0,334,80,191,80,0,14,28,14,15521.000000000005,31042.00000000001,0.0,0.0,0.0,0.0,740,0.0,0.0,339.0,334.0,304.83457496291607,33.374993182135825,0.0,0.0,0.8825295439280597,0.8,0.14011494078610567,3
164,centralized_full_state,mixed,14,45000.0,True,215.34313372150064,2069872640,208.96881745111818,345.7144928436401,0.95,0.94,95,94,342,1,340,84,198,83,0,10,20,10,3132.0,6264.0,0.0,0.0,0.0,0.0,750,0.0,0.0,342.0,340.0,311.4428189273038,34.27167391633618,0.0,0.0,0.8630769190185498,0.8,0.11616498215863769,3
165,centralized_full_state,mixed,15,45000.0,True,184.5877732373774,2064322560,243.78646110070682,354.7665690197718,0.97,0.97,97,97,350,3,346,87,192,86,2,9,18,9,10646.000000000013,21292.000000000025,0.0,0.0,0.0,0.0,760,0.0,2.0,350.0,344.0,320.07247114337355,34.6940978763983,0.0,0.0,0.8794374923263847,0.66,0.12402753289966165,3
166,centralized_full_state,mixed,16,45000.0,True,192.1707363454625,2060574720,234.16676678130725,357.44464946391724,0.95,0.95,95,95,354,4,333,84,181,80,0,0,0,0,0.0,0.0,0.0,0.0,0.0,0.0,753,0.0,0.0,354.0,333.0,323.5485691968602,33.896080267057165,0.0,0.0,0.8679391270904327,0.74,0.12538150254284433,3
167,centralized_full_state,mixed,17,45000.0,True,272.65148396603763,2069483520,165.04586494605454,344.7289039298298,0.99,0.99,99,99,348,4,342,77,174,77,1,1,2,1,11.0,22.0,0.0,0.0,0.0,0.0,754,0.0,1.0,348.0,341.0,311.2372284635664,33.49167546626362,0.0,0.0,0.8560592782505014,0.8,0.117512299315305,3
168,centralized_full_state,mixed,18,45000.0,True,171.47667860984802,2069364736,262.4263565448813,337.2345259212336,0.98,0.98,98,98,338,5,337,80,174,79,8,13,26,13,7667.0,15334.0,0.0,0.0,0.0,0.0,747,0.0,8.0,338.0,329.0,304.3828209228037,32.85170499842997,0.0,0.0,0.8704762894315246,0.8,0.13054225821545426,3
169,centralized_full_state,mixed,19,45000.0,True,272.92653775110375,2066386944,164.87953267863566,349.3069060439583,0.98,0.97,98,97,349,2,316,86,172,82,0,0,0,0,0.0,0.0,0.0,0.0,0.0,0.0,750,0.0,0.0,349.0,316.0,317.5009428949696,31.805963148988425,0.0,0.0,0.8574036218736597,0.8,0.14045695181797271,3
170,centralized_full_state,mixed,20,45000.0,True,244.0707243779907,2062811136,184.3727883165078,350.29966547693965,0.96,0.96,96,96,343,3,328,78,164,73,1,1,2,1,18.0,36.0,0.0,0.0,0.0,0.0,750,0.0,1.0,343.0,327.0,316.8130737735161,33.486591703423635,0.0,0.0,0.8666727178776912,0.8,0.1304665052538066,3
171,centralized_full_state,mixed,21,45000.0,True,185.40407735016197,2071281664,242.71310881157754,340.8168919871455,0.96,0.96,96,96,346,4,337,82,199,82,5,7,14,7,1568.0,3136.0,0.0,0.0,0.0,0.0,751,0.0,5.0,346.0,332.0,307.7823383684435,33.03455361870194,0.0,0.0,0.875339935893137,0.8,0.11617383580615961,3
172,centralized_full_state,mixed,22,45000.0,True,200.63611039239913,2034106368,224.28664467223828,362.2609969591591,1.0,1.0,100,100,368,2,356,89,211,89,0,0,0,0,0.0,0.0,0.0,0.0,0.0,0.0,764,0.0,0.0,368.0,356.0,327.21308547456835,35.04791148459048,0.0,0.0,0.8678314709742813,0.8,0.1196592202304928,3
173,centralized_full_state,mixed,23,45000.0,True,212.698700113222,2035224576,211.56687829331338,345.7479821180282,0.98,0.98,98,98,347,2,347,85,202,85,0,0,0,0,0.0,0.0,0.0,0.0,0.0,0.0,753,0.0,0.0,347.0,347.0,311.17318390622535,34.57479821180282,0.0,0.0,0.8867962775386333,0.7,0.12104139090514691,3
174,centralized_full_state,mixed,24,45000.0,True,241.2447515570093,2066358272,186.53255546314304,362.33359505806635,0.97,0.97,97,97,364,3,337,86,194,86,0,1,2,1,1817.0,3634.0,0.0,0.0,0.0,0.0,769,0.0,0.0,364.0,337.0,329.0040686473585,33.32952641070792,0.0,0.0,0.8836645163238969,0.8,0.13532859051410995,3
175,centralized_full_state,mixed,25,45000.0,True,168.80533857643604,2059603968,266.5792467198763,344.82144798312646,0.98,0.96,98,96,349,1,322,82,177,81,0,1,2,1,1395.0,2790.0,0.0,0.0,0.0,0.0,742,0.0,0.0,349.0,322.0,312.8128848658244,32.00856311730194,0.0,0.0,0.8593254569070291,0.76,0.12748529013886628,3
176,centralized_full_state,mixed,26,45000.0,True,248.3290269820718,2064736256,181.21119607676306,356.72976928616583,0.97,0.97,97,97,353,5,321,86,154,80,1,11,22,11,7889.0,15778.0,0.0,0.0,0.0,0.0,750,0.0,1.0,353.0,320.0,323.70077387016954,33.02899541599622,0.0,0.0,0.871936952335686,0.8,0.12904865162061394,3
177,centralized_full_state,mixed,27,45000.0,True,274.4350551010575,2073202688,163.97322121778237,357.38940120284315,0.98,0.98,98,98,356,3,352,87,210,87,2,4,8,4,230.0,460.0,0.0,0.0,0.0,0.0,758,0.0,2.0,356.0,350.0,322.3201590545162,35.06924214832704,0.0,0.0,0.8632818888742305,0.7,0.11722693981029285,3
178,centralized_full_state,mixed,28,45000.0,True,350.0966140255332,1992323072,128.53594749910397,354.00358430039734,0.96,0.96,96,96,357,1,348,88,208,88,5,8,16,8,3145.0000000000036,6290.000000000007,0.0,0.0,0.0,0.0,762,0.0,5.0,357.0,343.0,319.6723537565052,34.33123054389196,0.0,0.0,0.8570965528721771,0.8,0.1303573973314628,3
179,centralized_full_state,mixed,29,45000.0,True,176.92464844789356,2070667264,254.34556685442865,351.3876193658589,0.96,0.96,96,96,356,4,345,89,195,86,1,3,6,3,727.0,1454.0,0.0,0.0,0.0,0.0,758,0.0,1.0,356.0,344.0,317.4268708646705,33.96074850118841,0.0,0.0,0.8287332163785197,0.68,0.12242528964502902,3
180,centralized_full_state,mixed,30,45000.0,True,222.6051878668368,1989640192,202.15162293036568,344.4595187521363,0.99,0.99,99,99,347,5,345,85,198,85,0,0,0,0,0.0,0.0,0.0,0.0,0.0,0.0,753,0.0,0.0,347.0,345.0,310.221095978878,34.238422773258286,0.0,0.0,0.8904836344411609,0.8,0.1246040751798775,3
181,centralized_full_state,mixed,31,45000.0,True,217.1544233513996,1991073792,207.22580413285405,348.56272064663176,0.96,0.95,96,95,351,1,342,82,199,82,0,26,52,26,24622.000000000007,49244.000000000015,0.0,0.0,0.0,0.0,751,0.0,0.0,351.0,342.0,314.5385775238489,34.02414312278288,0.0,0.0,0.8715349948109106,0.8,0.13395507116055355,3
182,centralized_full_state,mixed,32,45000.0,True,188.7915181685239,2070425600,238.3581658569584,360.35305884296696,0.98,0.98,98,98,362,1,343,93,189,91,0,0,0,0,0.0,0.0,0.0,0.0,0.0,0.0,751,0.0,0.0,362.0,343.0,325.73561840366546,34.617440439301156,0.0,0.0,0.8570767766948637,0.62,0.12419016711839725,3
183,centralized_full_state,mixed,33,45000.0,True,186.39185146335512,2037669888,241.42686306674227,363.3004782994192,0.97,0.97,97,97,357,5,344,84,196,84,1,12,24,12,10623.0,21246.0,0.0,0.0,0.0,0.0,758,0.0,1.0,357.0,343.0,327.9659392917191,35.33453900770044,0.0,0.0,0.8804526751558638,0.8,0.13182172758067706,3
184,centralized_full_state,mixed,34,45000.0,True,199.8262098049745,2030616576,225.19568400921432,334.5893872533411,0.97,0.97,97,97,341,7,309,82,159,80,0,0,0,0,0.0,0.0,0.0,0.0,0.0,0.0,749,0.0,0.0,341.0,309.0,303.92283670949695,30.66655054384417,0.0,0.0,0.8678701593164094,0.62,0.11795832983663865,3
185,centralized_full_state,mixed,35,45000.0,True,220.67848863173276,2036621312,203.91656784950976,354.5868303927564,0.99,0.99,99,99,353,2,352,84,189,84,0,3,6,3,638.0,1276.0,0.0,0.0,0.0,0.0,758,0.0,0.0,353.0,352.0,319.2588454035961,35.32798498915983,0.0,0.0,0.8669418007017701,0.56,0.12700769519545055,3
186,centralized_full_state,mixed,36,45000.0,True,261.7999352249317,2069630976,171.8869791214317,333.6886190419977,0.98,0.97,98,97,347,5,310,79,160,73,0,0,0,0,0.0,0.0,0.0,0.0,0.0,0.0,742,0.0,0.0,347.0,310.0,303.1960794711616,30.492539570836016,0.0,0.0,0.8389203409025585,0.66,0.12418720401448127,3
187,centralized_full_state,mixed,37,45000.0,True,185.66519942414016,2062786560,242.37175377815637,345.6860563918966,0.95,0.95,95,95,347,2,331,81,184,79,1,1,2,1,25.0,50.0,0.0,0.0,0.0,0.0,754,0.0,1.0,347.0,330.0,312.6574756886494,33.02858070324707,0.0,0.0,0.8578214429223389,0.74,0.1177249899709595,3
188,centralized_full_state,mixed,38,45000.0,True,190.05177838075906,2059685888,236.7775791597424,353.8655776985627,1.0,1.0,100,100,362,3,321,91,178,89,0,0,0,0,0.0,0.0,0.0,0.0,0.0,0.0,762,0.0,0.0,362.0,321.0,322.28416324450353,31.58141445405916,0.0,0.0,0.8433123728231188,0.8,0.10747175350895556,3
189,centralized_full_state,mixed,39,45000.0,True,236.5652713860618,2070044672,190.22234217364232,353.0961097313756,0.98,0.98,98,98,352,4,329,88,189,85,0,0,0,0,0.0,0.0,0.0,0.0,0.0,0.0,751,0.0,0.0,352.0,329.0,319.8247828518928,33.271326879482835,0.0,0.0,0.8644922077293472,0.7,0.1376575194073023,3
190,centralized_full_state,mixed,40,45000.0,True,256.74929918698035,2063491072,175.26824860864872,328.16175097905693,0.94,0.94,94,94,335,1,331,79,191,78,0,0,0,0,0.0,0.0,0.0,0.0,0.0,0.0,741,0.0,0.0,335.0,331.0,295.6980209466125,32.46373003244449,0.0,0.0,0.8551297984156122,0.78,0.1080428558632784,3
191,centralized_full_state,mixed,41,45000.0,True,207.55474649183452,2053627904,216.81026698067038,363.19581417009226,0.97,0.97,97,97,357,4,352,88,195,88,0,1,2,1,308.0000000000018,616.0000000000036,0.0,0.0,0.0,0.0,755,0.0,0.0,357.0,352.0,327.3491066271428,35.846707542949865,0.0,0.0,0.8764677558005725,0.68,0.11864785649502563,3
192,centralized_full_state,mixed,42,45000.0,True,304.2569097080268,2063732736,147.90132471661275,344.9632304988744,0.94,0.94,94,94,346,0,341,78,186,78,3,10,20,10,5561.0000000000055,11122.000000000011,0.0,0.0,0.0,0.0,750,0.0,3.0,346.0,338.0,311.14586671937894,33.81736377949556,0.0,0.0,0.8435437116106531,0.8,0.13229053264944687,3
193,centralized_full_state,mixed,43,45000.0,True,169.02158172708005,2064748544,266.2381900594311,340.810806999684,0.95,0.95,95,95,338,1,317,79,162,77,1,1,2,1,18.0,36.0,0.0,0.0,0.0,0.0,742,0.0,1.0,338.0,316.0,308.94098057506227,31.86982642462171,0.0,0.0,0.859902860150684,0.66,0.13254885686361287,3
194,centralized_full_state,mixed,44,45000.0,True,169.7519152853638,2073784320,265.0927379779611,367.0944712829952,0.98,0.98,98,98,361,6,348,89,196,86,0,0,0,0,0.0,0.0,0.0,0.0,0.0,0.0,758,0.0,0.0,361.0,348.0,331.8350025339368,35.25946874905856,0.0,0.0,0.8846134899983137,0.64,0.14020309715861368,3
195,centralized_full_state,mixed,45,45000.0,True,208.51503793615848,2071801856,215.81177283615273,366.9517809283559,1.0,0.99,100,99,369,6,363,90,205,89,0,0,0,0,0.0,0.0,0.0,0.0,0.0,0.0,779,0.0,0.0,369.0,363.0,330.7736307406118,36.17815018774409,0.0,0.0,0.8839485943850548,0.78,0.12846292339355625,3
196,centralized_full_state,mixed,46,45000.0,True,302.0568639410194,2062737408,148.97857116329874,359.98288360147626,0.97,0.97,97,97,362,1,355,91,215,90,0,2,4,2,1847.0,3694.0,0.0,0.0,0.0,0.0,752,0.0,0.0,362.0,355.0,324.77574265095734,35.207140950519076,0.0,0.0,0.8671052563282196,0.8,0.12029327585395463,3
197,centralized_full_state,mixed,47,45000.0,True,255.2751687229611,2069164032,176.28036532153473,344.1278589020482,0.95,0.95,95,95,339,4,322,81,179,79,0,1,2,1,495.0,990.0,0.0,0.0,0.0,0.0,747,0.0,0.0,339.0,322.0,311.4951499502801,32.63270895176811,0.0,0.0,0.878419886336481,0.68,0.12796875192897644,3
198,centralized_full_state,mixed,48,45000.0,True,243.9920156020671,2063798272,184.43226467456077,336.3358492516657,0.98,0.98,98,98,342,6,309,87,167,82,0,0,0,0,0.0,0.0,0.0,0.0,0.0,0.0,744,0.0,0.0,342.0,309.0,305.1894268376354,31.14642241403076,0.0,0.0,0.870620127928353,0.64,0.1646200448498404,3
199,centralized_full_state,mixed,49,45000.0,True,192.43749862909317,2060627968,233.84215821020234,361.30231895861925,0.97,0.97,97,97,355,2,344,87,195,85,0,0,0,0,0.0,0.0,0.0,0.0,0.0,0.0,758,0.0,0.0,355.0,344.0,325.7832461714048,35.5190727872142,0.0,0.0,0.8697672918152363,0.72,0.14413510499813809,3
