target_environment,seed,capture_coverage_fraction,ground_delivery_coverage_fraction,total_constellation_reward,acquisition_reward_component,ground_delivery_reward_component,reward_adjustment_component,qualified_exposure_count,unique_acquisition_service_count,unique_ground_service_count,successful_duplicate_count,cross_sensor_capture_overlap_count,stale_cross_sensor_ground_delivery_count,stale_cross_sensor_ground_delivery_target_count,causally_avoidable_stale_ground_delivery_count,cross_sensor_onboard_overlap_target_count,cross_sensor_onboard_overlap_product_count,cross_sensor_onboard_redundant_acquisition_count,cross_sensor_onboard_redundant_sensor_time_s,cross_sensor_onboard_overlap_sensor_time_s,duplicate_attempt_count,duplicate_sensor_time_s,interrupted_nonduplicate_sensor_time_s,wasted_sensor_time_s,wasted_time_fraction,policy_decisions,wall_time_s,peak_process_rss_bytes,simulated_seconds_per_wall_second,minimum_battery_fraction,maximum_storage_fraction,maximum_wheel_fraction
leo,0,0.0,0.010000000000000009,29.414192234347922,25.93689485923906,3.477297375108762,0.0,-311,26.0,34.0,-331.0,-10,-330,-9,-136,-78,-396,-235,-308992.0,-591516.0,-344.0,-46171.0,0.0,-46171.0,-0.3420074074074074,-257,34.01968110958114,-4186112,-30.997590105782933,0.03268774786850259,-0.06000000000000005,0.0060752845942312755
leo,1,0.010000000000000009,0.010000000000000009,22.468176499495257,20.82805738574507,1.640119113750142,0.0,-353,25.0,13.0,-339.0,-16,-369,-19,-84,-79,-375,-219,-396359.0,-751499.0,-386.0,-52968.0,0.0,-52968.0,-0.39235555555555557,-296,36.39302716962993,67145728,-29.534143543005683,0.08255554679492949,-0.30000000000000004,-0.016181500308199537
leo,2,0.019999999999999907,0.019999999999999907,28.395602373281235,25.42588118480822,2.969721188473123,0.0,-359,24.0,27.0,-371.0,-15,-392,-16,-103,-78,-386,-232,-357232.0,-664680.0,-390.0,-49597.0,0.0,-49597.0,-0.3673851851851852,-305,34.50299155304674,58875904,-32.52412344970901,0.0029037072695403676,0.0,-0.0011908375145053551
leo,3,0.020000000000000018,0.019999999999999907,36.51774221752015,33.45084743630292,3.0668947812172114,0.0,-333,36.0,29.0,-337.0,-13,-353,-15,-107,-71,-398,-244,-405900.0,-791942.0,-371.0,-50723.0,0.0,-50723.0,-0.3757259259259259,-270,-95.51795157929882,512000,98.01122450566854,0.05224510575431873,-0.020000000000000018,-0.0009541170100902108
leo,4,0.010000000000000009,-0.010000000000000009,30.0234597410805,27.177204548642806,2.8462551924376314,0.0,-319,34.0,29.0,-347.0,-18,-367,-20,-102,-76,-355,-219,-262410.0,-509496.0,-357.0,-49440.0,0.0,-49440.0,-0.3662222222222222,-263,-93.04557519394439,-4243456,65.78425788817339,0.04102598853433714,-0.08000000000000007,-0.00389219030727625
leo,5,0.0,-0.010000000000000009,18.838493011016737,16.770434462286147,2.0680585487305265,0.0,-347,19.0,22.0,-359.0,-10,-371,-11,-104,-72,-379,-228,-295940.0,-560725.0,-370.0,-51963.000000000015,0.0,-51963.000000000015,-0.3849111111111112,-280,-77.86752166575752,-6701056,67.95176186426644,0.013039515820006065,-0.16000000000000003,-0.008175346649308593
leo,6,0.0,0.0,32.12620922008989,28.533723997716038,3.5924852223738313,0.0,-334,30.0,35.0,-352.0,-18,-368,-19,-136,-69,-378,-235,-386425.0,-733478.0,-369.0,-49970.0,0.0,-49970.0,-0.37014814814814817,-265,-32.21231829491444,3153920,22.243340742012663,0.019869606792028427,0.0,-0.02863089206961053
leo,7,0.010000000000000009,0.010000000000000009,31.569964376292035,30.47355277909861,1.096411597193331,0.0,-301,31.0,7.0,-332.0,-12,-368,-16,-138,-75,-376,-224,-281494.0,-547023.0,-336.0,-46569.00000000001,0.0,-46569.00000000001,-0.3449555555555556,-239,-82.4468610821059,3223552,48.60640235561215,0.0252285252740283,-0.22000000000000008,-0.014618379272885312
leo,8,0.0,-0.010000000000000009,29.507765825438923,27.680693116184102,1.8270727092548,0.0,-343,29.0,16.0,-346.0,-13,-360,-14,-122,-84,-403,-234,-272443.0,-519924.0,-382.0,-48895.000000000015,0.0,-48895.000000000015,-0.3621851851851853,-283,16.52421669010073,208896,-13.802136796154429,0.08176364288250537,-0.08000000000000007,-0.0028653217177119217
leo,9,0.010000000000000009,0.010000000000000009,33.01705982775104,30.276762770083963,2.740297057667199,0.0,-371,36.0,20.0,-391.0,-18,-411,-19,-110,-86,-394,-230,-272680.0,-529030.0,-410.0,-57508.000000000015,0.0,-57508.000000000015,-0.4259851851851853,-309,-26.191596185788512,-737280,36.196263456149694,0.04237924886108424,-0.08000000000000007,0.002497834626743717
leo,10,0.0,0.0,13.296539832968676,10.708683591194642,2.5878562417741726,0.0,-371,16.0,26.0,-387.0,-10,-394,-10,-131,-82,-395,-230,-360727.0,-678855.0,-393.0,-55741.0,0.0,-55741.0,-0.4128962962962963,-306,22.530955033143982,29556736,-20.79522078499059,0.07014028412570139,-0.18000000000000005,-0.016655607577368226
leo,11,0.0,0.0,27.356091055897707,25.144028273191594,2.212062782706134,0.0,-327,25.0,21.0,-346.0,-12,-363,-11,-110,-72,-313,-186,-244480.00000000003,-460964.00000000006,-357.0,-49076.000000000015,0.0,-49076.000000000015,-0.36352592592592603,-277,24.11501380498521,401408,-17.72500226068709,0.013906908634617743,-0.18000000000000005,-0.020969643308372823
leo,12,0.0,0.0,20.788568291778518,18.084132836533,2.7044354552455268,0.0,-361,21.0,25.0,-378.0,-15,-388,-16,-101,-81,-391,-229,-344089.0,-657297.0,-385.0,-50565.0,0.0,-50565.0,-0.37455555555555553,-282,-86.05085679190233,-65179648,62.268322700843584,0.020748539839943403,-0.06000000000000005,-0.01249632624662883
leo,13,0.0,0.0,28.416569160905397,25.410063889680487,3.0065052712249347,0.0,-345,28.0,27.0,-354.0,-12,-368,-12,-124,-74,-390,-248,-262458.0,-509701.0,-377.0,-51322.0,0.0,-51322.0,-0.380162962962963,-304,-75.64071642560884,-64565248,64.39541552561994,0.10857718635187985,-0.040000000000000036,-0.005602086096348297
leo,14,0.010000000000000009,0.010000000000000009,30.34398907239921,26.19610873083485,4.147880341564296,0.0,-341,33.0,43.0,-363.0,-11,-359,-12,-136,-79,-394,-238,-355852.0,-685968.0,-384.0,-53185.0,0.0,-53185.0,-0.39396296296296296,-291,-122.12829000398051,-4231168,97.4583448349826,0.041260644373789734,0.0,-0.012474278079810164
leo,15,0.0,0.0,23.53435520486738,21.133580906055556,2.400774298811683,0.0,-344,27.0,26.0,-352.0,-11,-365,-13,-92,-69,-347,-205,-235830.0,-444405.0,-379.0,-50188.0,0.0,-50188.0,-0.37176296296296296,-285,-43.85778212198056,2310144,24.79565189365462,0.023330366237404365,0.0,-0.015999530759069763
leo,16,-0.009999999999999898,-0.009999999999999898,38.588940060502864,35.437532142258135,3.1514079182447823,0.0,-333,36.0,32.0,-340.0,-10,-346,-16,-103,-74,-345,-196,-228011.0,-441664.0,-374.0,-54287.0,0.0,-54287.0,-0.40212592592592594,-279,-81.97503633215092,-4968448,46.678740231995505,0.024057969215404373,-0.08000000000000007,-0.019999816219761574
leo,17,0.0,0.010000000000000009,25.251192554608167,22.159639551251473,3.0915530033565517,0.0,-361,20.0,28.0,-378.0,-13,-391,-13,-136,-86,-437,-265,-345418.0,-662227.0,-392.0,-51921.0,0.0,-51921.0,-0.3846,-305,46.66906215925701,9433088,-38.038981978384896,0.0535138429749934,-0.16000000000000003,-0.016792354725089956
leo,18,-0.010000000000000009,-0.010000000000000009,34.60909543148347,30.65041950451331,3.958675926970084,0.0,-334,29.0,36.0,-355.0,-15,-366,-15,-131,-77,-387,-234,-242367.0,-466460.0,-371.0,-50201.000000000015,0.0,-50201.000000000015,-0.3718592592592594,-277,40.87144646642264,38699008,-37.49696183662331,0.09278894984339225,-0.32000000000000006,0.012820883242792874
leo,19,-0.009999999999999898,-0.019999999999999907,23.531966453319285,22.49948403854586,1.0324824147734617,0.0,-346,23.0,9.0,-349.0,-16,-354,-17,-102,-73,-364,-214,-305791.0,-587705.0,-378.0,-52117.0,0.0,-52117.0,-0.38605185185185187,-275,9.234457079670392,2760704,-6.32864024862053,0.043073557808045115,-0.06000000000000005,0.01241270061070572
leo,20,-0.010000000000000009,-0.010000000000000009,19.17542943930232,16.434010992181015,2.741418447121429,0.0,-333,22.0,28.0,-306.0,-14,-309,-16,-103,-78,-380,-224,-388741.0,-733886.0,-359.0,-48638.0,0.0,-48638.0,-0.3602814814814815,-271,-68.21037424937822,-39399424,61.01942210666584,0.0801308552347707,-0.20000000000000007,-0.0069009498860810176
leo,21,0.0,0.0,29.16736558839665,26.358763428090725,2.8086021603058313,0.0,-332,26.0,26.0,-342.0,-16,-369,-17,-121,-71,-371,-223,-268775.0,-522144.0,-359.0,-48943.0,0.0,-48943.0,-0.3625407407407407,-278,-116.62798068043776,-2166784,97.88693987312246,0.022931030216003845,-0.14,-0.016578890546663214
leo,22,0.0,0.0,37.21383243693754,32.568965291338884,4.644867145598486,0.0,-350,33.0,47.0,-377.0,-11,-372,-12,-140,-89,-429,-249,-277812.0,-533309.0,-389.0,-52897.0,0.0,-52897.0,-0.39182962962962964,-290,-85.11051345488522,2314240,73.63178178192842,0.01915234332256499,-0.12,-0.03522701267590722
leo,23,0.0,0.0,21.35293293360357,18.83922776977718,2.5137051638262733,0.0,-300,18.0,22.0,-319.0,-13,-322,-13,-105,-66,-332,-203,-287556.0,-541780.0,-323.0,-43437.000000000015,0.0,-43437.000000000015,-0.3217555555555557,-259,51.945209444034845,708608,-42.65668429662469,0.03390510887733589,-0.22000000000000008,0.0038906360387865324
leo,24,0.0,0.0,31.838409399893408,29.225990501417755,2.6124188984756813,0.0,-312,28.0,22.0,-328.0,-14,-340,-15,-82,-78,-315,-184,-212719.0,-403231.0,-347.0,-46271.0,0.0,-46271.0,-0.34274814814814814,-257,-25.695644713006914,5476352,18.046224267881712,0.02367576363609203,-0.14,-0.0017447776685552419
leo,25,0.010000000000000009,-0.010000000000000009,26.291107800779116,24.684049051646355,1.6070587491325234,0.0,-358,28.0,18.0,-348.0,-11,-364,-13,-116,-81,-406,-240,-324065.0,-615159.0,-396.0,-51530.0,0.0,-51530.0,-0.3817037037037037,-299,43.7407670149114,13131776,-44.76703962804115,0.05959731847139782,-0.06000000000000005,-0.010610311241973244
leo,26,0.0,0.0,36.54431977111386,32.57807124641914,3.966248524694713,0.0,-347,36.0,37.0,-358.0,-13,-361,-14,-136,-78,-436,-271,-459828.0,-835258.0,-390.0,-52158.0,0.0,-52158.0,-0.38635555555555556,-310,36.60527046304196,11067392,-34.20541183761384,0.012875469490859603,0.0,-0.0006457972265391243
leo,27,0.0,0.0,31.771392166071735,27.69919382732607,4.072198338745803,0.0,-329,33.0,46.0,-349.0,-9,-343,-10,-120,-77,-362,-217,-279350.0,-546434.0,-368.0,-50243.0,0.0,-50243.0,-0.3721703703703704,-295,-169.76298034191132,-4239360,120.04359232808613,0.0525303502195279,-0.16000000000000003,-0.0027831102380900252
leo,28,-0.010000000000000009,-0.010000000000000009,30.11876941494893,26.742924368464855,3.375845046484038,0.0,-329,30.0,33.0,-326.0,-15,-334,-16,-99,-73,-351,-211,-248227.0,-476210.0,-362.0,-50303.0,0.0,-50303.0,-0.3726148148148148,-280,-72.02665764139965,3153920,62.43133083556202,0.12196532199995247,-0.10000000000000009,0.0007079619284862115
leo,29,0.0,0.0,37.6734421326064,33.185867262341816,4.4875748702644565,0.0,-334,38.0,44.0,-369.0,-16,-368,-17,-126,-83,-421,-247,-275577.0,-536758.0,-379.0,-51978.000000000015,0.0,-51978.000000000015,-0.3850222222222223,-274,-85.33655198314227,-3534848,76.22531638475391,0.08218571258476848,-0.24,-0.052753560061270785
leo,30,0.0,0.0,13.171177021655012,11.374582540337599,1.7965944813174843,0.0,-319,18.0,23.0,-341.0,-15,-348,-15,-110,-76,-353,-211,-304222.0,-570721.0,-343.0,-46832.0,0.0,-46832.0,-0.3469037037037037,-256,40.42914360691793,-8310784,-34.45711062583848,0.04877411414648747,-0.28,-0.03258161181029584
leo,31,0.0,0.0,16.77933544964435,14.577120564951514,2.202214884693028,0.0,-346,17.0,23.0,-342.0,-10,-354,-13,-103,-71,-348,-214,-221616.0,-424821.0,-368.0,-51201.0,0.0,-51201.0,-0.37926666666666664,-307,61.061797603964806,-6438912,-48.509770453233756,0.027306138250077883,0.0,-0.003867690546622643
leo,32,0.0,0.0,20.00841439293754,17.578337654994527,2.430076737943086,0.0,-352,24.0,26.0,-354.0,-8,-362,-12,-117,-81,-386,-228,-469690.0,-864169.0,-383.0,-52002.0,0.0,-52002.0,-0.3852,-300,28.464373225928284,-73945088,-12.597119783955804,0.007444887967961722,-0.12,0.01011903045366569
leo,33,0.0,-0.020000000000000018,26.527352476112412,24.957416715008662,1.5699357611038494,0.0,-342,27.0,16.0,-360.0,-11,-365,-12,-118,-67,-375,-232,-335044.0,-632724.0,-371.0,-52578.0,0.0,-52578.0,-0.3894666666666667,-279,-52.9108287144918,7155712,52.276993505153996,-0.00022493980026883076,-0.08000000000000007,-0.006017535880802713
leo,34,0.0,0.0,29.905092323888596,28.112794426666824,1.7922978972217685,0.0,-308,32.0,23.0,-310.0,-13,-329,-19,-93,-80,-348,-206,-463249.0,-857725.0,-350.0,-49571.0,0.0,-49571.0,-0.36719259259259257,-267,-105.92358363361564,2899968,109.39809550465941,0.23920341062702377,-0.20000000000000007,-0.0009258025821217986
leo,35,0.009999999999999898,0.009999999999999898,22.985106210872857,20.639258830922245,2.3458473799506585,0.0,-373,20.0,21.0,-389.0,-12,-411,-12,-112,-79,-402,-243,-356398.0,-685230.0,-395.0,-52319.000000000015,0.0,-52319.000000000015,-0.38754814814814825,-308,5.260831963270903,1388544,-5.190587299032302,0.023826832800207032,-0.16000000000000003,-0.013319704184164533
leo,36,0.0,0.010000000000000009,22.554607517355805,20.279639941346602,2.27496757600926,0.0,-330,22.0,23.0,-310.0,-17,-324,-15,-99,-82,-392,-227,-387230.0,-750222.0,-358.0,-51250.000000000015,0.0,-51250.000000000015,-0.37962962962962976,-277,-36.07504851021804,344064,21.925106657235034,0.12578208082563191,-0.14,-0.006365976233648485
leo,37,-0.009999999999999898,-0.009999999999999898,33.807496569933676,29.94985857446025,3.8576379954735387,0.0,-342,29.0,38.0,-346.0,-16,-349,-16,-105,-80,-408,-244,-323754.0,-622608.0,-375.0,-53654.0,0.0,-53654.0,-0.39743703703703703,-265,-138.38365539349616,75128832,83.38134739123367,0.07758514536200989,-0.20000000000000007,0.029079252256561716
leo,38,0.0,0.0,23.431137654744987,22.856725057999995,0.5744125967451765,0.0,-338,27.0,11.0,-330.0,-17,-362,-19,-107,-77,-409,-239,-383853.0,-716495.0,-376.0,-49265.0,0.0,-49265.0,-0.36492592592592593,-266,-9.272909791208804,-81862656,9.505723462944985,0.12780990599358155,-0.12,0.007966766636307965
leo,39,0.0,0.010000000000000009,33.54299780482381,31.03497430671038,2.5080234981135554,0.0,-330,34.0,22.0,-326.0,-11,-355,-18,-96,-79,-362,-216,-342124.0,-657919.0,-367.0,-51105.000000000015,0.0,-51105.000000000015,-0.37855555555555565,-282,-102.3211879124865,3534848,103.64755956352161,0.050769858716280036,0.0,-0.02076144424963805
leo,40,0.020000000000000018,0.020000000000000018,34.75046244618318,31.336147661114182,3.4143147850689104,0.0,-273,33.0,32.0,-303.0,-19,-322,-18,-114,-70,-332,-203,-339194.0,-634036.0,-312.0,-44595.00000000001,0.0,-44595.00000000001,-0.33033333333333337,-236,-64.90434783883393,-5947392,61.540097111992566,0.11969122672705002,-0.08000000000000007,-0.019652041249391974
leo,41,0.0,0.0,32.51458978202942,29.219637043207683,3.2949527388217206,0.0,-323,29.0,31.0,-350.0,-14,-358,-15,-125,-77,-408,-243,-269524.0,-515007.0,-353.0,-45776.000000000015,0.0,-45776.000000000015,-0.3390814814814816,-262,-75.1843052933691,10268672,65.0265527619978,0.06705351182105668,-0.16000000000000003,-0.039763525104740474
leo,42,-0.020000000000000018,-0.010000000000000009,12.435463497307126,11.187355115719384,1.2481083815877732,0.0,-323,20.0,19.0,-329.0,-19,-356,-18,-97,-71,-331,-196,-182752.00000000003,-350722.00000000006,-349.0,-49377.00000000001,0.0,-49377.00000000001,-0.3657555555555556,-273,-78.83252168842591,-1028096,67.74214206218295,0.06205228377492411,-0.08000000000000007,-0.01159300513613179
leo,43,0.0,-0.010000000000000009,19.34341691660393,19.355272462988296,-0.011855546384378357,0.0,-354,22.0,-2.0,-349.0,-15,-380,-16,-131,-74,-413,-261,-426434.0,-810685.0,-382.0,-49655.0,0.0,-49655.0,-0.3678148148148148,-308,43.363941584480926,1581056,-44.90424921117193,0.0902564629478092,-0.08000000000000007,-0.01352661337534418
leo,44,-0.010000000000000009,-0.010000000000000009,25.45241316634423,22.969903717841646,2.482509448502494,0.0,-344,26.0,24.0,-350.0,-14,-384,-20,-112,-82,-381,-219,-204720.00000000003,-399143.0,-379.0,-52937.0,0.0,-52937.0,-0.39212592592592593,-291,-29.583444394054823,-4866048,20.734158827110576,0.06367486709474235,-0.16000000000000003,-0.008487564299805017
leo,45,0.0,0.0,26.073316549627577,22.91512058443982,3.158195965187943,0.0,-359,25.0,29.0,-385.0,-12,-394,-12,-111,-76,-394,-235,-316468.0,-606369.0,-388.0,-53110.0,0.0,-53110.0,-0.39340740740740743,-285,52.637256346060894,-204800,-48.51863316878567,0.06180095918108375,-0.12,0.00198577201022504
leo,46,0.010000000000000009,0.0,36.8819822144431,32.178987856702264,4.702994357740888,0.0,-333,33.0,45.0,-358.0,-10,-350,-11,-105,-78,-391,-236,-304833.0,-589304.0,-371.0,-48754.0,0.0,-48754.0,-0.36114074074074076,-275,34.8199601713568,76279808,-29.274308141603257,0.016198484211527253,0.0,-0.01684876371278997
leo,47,0.010000000000000009,0.010000000000000009,24.1873750176066,21.851464093967422,2.3359109236392683,0.0,-352,24.0,26.0,-355.0,-13,-371,-18,-131,-78,-413,-258,-314162.0,-605864.0,-385.0,-52802.0,0.0,-52802.0,-0.39112592592592593,-301,-122.91282711841632,-1101824,101.11501846091639,0.017703606254133808,-0.18000000000000005,-0.010032331921445259
leo,48,0.0,0.0,40.89081201186502,37.99956533779988,2.89124667406497,0.0,-337,38.0,24.0,-354.0,-16,-376,-20,-102,-77,-332,-189,-226205.00000000003,-428140.00000000006,-383.0,-53136.0,0.0,-53136.0,-0.3936,-281,-12.344213846838102,-5558272,7.572722588148025,0.07366634907270952,-0.14,-0.018988598572369467
leo,49,0.0,0.0,27.35681018172278,24.983440396032705,2.373369785689885,0.0,-327,28.0,25.0,-333.0,-10,-341,-12,-107,-73,-358,-216,-394589.0,-718032.0,-363.0,-47571.0,0.0,-47571.0,-0.3523777777777778,-268,-78.39025363966357,4603904,67.82234785617374,0.017484910414299448,-0.10000000000000009,-0.010761933006005461
mixed,0,0.0,0.010000000000000009,25.811121976337688,21.437076476232164,4.374045500105456,0.0,-453,21.0,42.0,-451.0,-9,-449,-7,-152,-88,-520,-312,-446904.0,-853333.0,-476.0,-58526.0,0.0,-58526.0,-0.4335259259259259,-393,-164.84965679701418,-4853760,98.52720104380832,0.07483751531226246,-0.020000000000000018,-0.02352685156157347
mixed,1,0.0,0.0,18.513478106311254,17.70042209477856,0.813056011533007,0.0,-468,21.0,5.0,-441.0,-8,-481,-12,-109,-87,-447,-259,-400651.0,-770750.0,-491.0,-64596.000000000015,0.0,-64596.000000000015,-0.478488888888889,-394,34.374434335157275,7987200,-25.88018857005835,0.2021157715482742,-0.20000000000000007,-0.008169852172814629
mixed,2,0.04999999999999993,0.04999999999999993,25.20262116421202,22.654187115915363,2.548434048296798,0.0,-477,28.0,29.0,-489.0,-10,-511,-10,-161,-85,-543,-340,-441715.0,-821256.0,-508.0,-62105.0,0.0,-62105.0,-0.460037037037037,-397,-41.36427721939981,7319552,52.230794301914585,0.14823495389329178,-0.18000000000000005,-0.024975858601516132
mixed,3,0.020000000000000018,0.010000000000000009,33.09112309290822,31.41795513819818,1.6731679547102516,0.0,-429,34.0,18.0,-434.0,-5,-456,-8,-138,-82,-482,-290,-416563.0,-794715.0000000001,-464.0,-58530.0,0.0,-58530.0,-0.4335555555555556,-362,-33.04463838774245,-7565312,24.804468960391148,0.05373564575215184,0.0,-0.033745739036856376
mixed,4,0.010000000000000009,0.010000000000000009,39.84122250681503,35.75107421632134,4.09014829049368,0.0,-437,37.0,38.0,-458.0,-9,-469,-9,-139,-87,-511,-316,-416742.0,-769283.0,-476.0,-57963.0,0.0,-57963.0,-0.42935555555555555,-379,-123.05294604948722,376832,89.1755927094122,-0.0005071874960963507,-0.08000000000000007,-0.0008409304051033295
mixed,5,0.0,0.0,16.306861681416933,14.689937367052494,1.616924314364507,0.0,-483,16.0,18.0,-484.0,-7,-518,-9,-137,-79,-487,-294,-360089.0,-675831.0,-502.0,-65456.0,0.0,-65456.0,-0.48485925925925927,-390,-28.17891354067251,-2748416,19.17085082126971,-0.01784070129366322,0.0,-0.020217171263596664
mixed,6,0.0,0.0,37.184597933086025,31.66450090217279,5.520097030913373,0.0,-464,32.0,53.0,-492.0,-6,-486,-6,-160,-82,-476,-287,-382667.0,-741035.0,-497.0,-62130.0,0.0,-62130.0,-0.4602222222222222,-396,-15.135565917007625,2924544,16.215657063421588,0.08607823783318791,0.0,-0.0003935664516556414
mixed,7,0.0,0.0,34.7623721729222,30.81891072078548,3.9434614521364892,0.0,-437,35.0,42.0,-477.0,-8,-486,-8,-170,-87,-497,-294,-455092.00000000006,-873553.0,-477.0,-60038.000000000015,0.0,-60038.000000000015,-0.444725925925926,-368,35.435319813201204,74661888,-26.621763188800372,0.08485574135752982,-0.08000000000000007,-0.009553961046885023
mixed,8,0.0,0.0,24.68849893225797,23.347767191177525,1.3407317410803756,0.0,-465,27.0,11.0,-464.0,-13,-509,-18,-165,-79,-511,-313,-402147.0,-762647.0,-495.0,-61696.0,0.0,-61696.0,-0.4570074074074074,-383,-2.9905494041740894,-6803456,3.3196059293588007,0.17812416496714634,0.0,-0.01631357266593106
mixed,9,0.0,0.0,31.677338001071917,27.983425220392917,3.693912780679117,0.0,-462,32.0,34.0,-487.0,-13,-495,-14,-126,-91,-440,-246,-322417.0,-627593.0,-496.0,-63375.000000000015,0.0,-63375.000000000015,-0.46944444444444455,-382,-181.12958902213722,1032192,134.73697882876536,0.045994000820098746,-0.14,-0.019174724170040958
mixed,10,0.010000000000000009,0.010000000000000009,29.036708629133386,25.230254520520816,3.806454108612364,0.0,-475,25.0,35.0,-491.0,-6,-499,-6,-163,-91,-527,-308,-400706.0,-764285.0,-503.0,-62211.0,0.0,-62211.0,-0.46082222222222224,-391,13.885112005867995,8835072,-12.311457226620746,0.1998758401004469,-0.14,-0.006859823358332351
mixed,11,0.010000000000000009,0.010000000000000009,37.006023026078196,32.58035036379465,4.425672662283734,0.0,-454,33.0,42.0,-492.0,-9,-494,-9,-146,-91,-477,-285,-350056.0,-677199.0,-489.0,-64629.0,0.0,-64629.0,-0.47873333333333334,-383,-89.44143317639828,-4866048,77.81130957331726,0.029387621610095782,0.0,0.0002928817161358399
mixed,12,0.0,0.0,39.78648221994666,35.579480477418485,4.207001742528135,0.0,-469,32.0,37.0,-490.0,-6,-495,-8,-161,-88,-483,-291,-394114.0,-743930.0,-505.0,-62844.0,0.0,-62844.0,-0.4655111111111111,-397,27.367502958979458,-6107136,-20.00686341428178,-0.0001288773540591981,0.0,-0.020679991214031163
mixed,13,0.010000000000000009,0.010000000000000009,19.056739514750177,15.961045622153165,3.095693892596721,0.0,-449,16.0,30.0,-446.0,-13,-465,-13,-136,-72,-435,-277,-288183.0,-541697.0,-468.0,-59621.0,0.0,-59621.0,-0.44163703703703705,-391,19.832691490184516,73949184,-15.84277686640894,0.15304266533183208,0.0,0.019782760785225603
mixed,14,0.010000000000000009,0.009999999999999898,38.047149971663714,32.60605340197543,5.441096569688209,0.0,-437,33.0,52.0,-468.0,-6,-455,-6,-151,-78,-484,-305,-464323.0,-901343.0,-474.0,-56277.0,0.0,-56277.0,-0.41686666666666666,-366,-6.163890485651791,1564672,5.814988984187977,0.06779661829854144,0.0,-0.01344689342125166
mixed,15,0.0,0.0,29.906951104473762,26.437488428013182,3.469462676460516,0.0,-460,26.0,32.0,-474.0,-5,-495,-5,-153,-75,-476,-295,-306052.0,-576126.0,-486.0,-59581.0,0.0,-59581.0,-0.44134074074074076,-388,-132.06058774865232,-2379776,101.67298273034075,0.017239871034677612,-0.14,-0.0038451124883092103
mixed,16,0.0,0.0,31.740580362234482,27.373695351055915,4.366885011178546,0.0,-477,29.0,40.0,-473.0,-8,-479,-11,-125,-86,-474,-280,-297927.0,-575972.0,-507.0,-63621.0,0.0,-63621.0,-0.47126666666666667,-404,-93.25436788355,-7516160,76.50719397829974,0.023635245628556456,-0.06000000000000005,-0.004681933730908749
mixed,17,0.010000000000000009,0.010000000000000009,37.48664171478231,32.80293032610393,4.683711388678507,0.0,-455,33.0,49.0,-482.0,-16,-500,-15,-146,-82,-500,-308,-406445.0,-773621.0,-492.0,-60075.0,0.0,-60075.0,-0.445,-387,24.026683147996664,37928960,-15.949755168826073,0.06713681442637764,0.0,-0.018554816419991002
mixed,18,0.020000000000000018,0.020000000000000018,24.03438422209564,20.184337115799224,3.850047106296273,0.0,-446,28.0,41.0,-438.0,-10,-457,-11,-149,-70,-481,-297,-342722.0,-645521.0,-475.0,-57342.0,0.0,-57342.0,-0.42475555555555555,-374,-56.16719747148454,35532800,64.74917420801751,0.032782234424946655,0.0,0.002964567384339728
mixed,19,0.0,-0.010000000000000009,21.605783302880354,21.215652719238562,0.3901305836416782,0.0,-489,21.0,7.0,-481.0,-11,-516,-15,-163,-87,-496,-291,-410672.0,-769169.0,-512.0,-67253.0,0.0,-67253.0,-0.4981703703703704,-408,-52.19769584585447,-622592,26.470901915711778,0.04596922281107663,0.0,0.016552661999888474
mixed,20,0.0,0.0,30.262584565692748,25.85874734632654,4.403837219366331,0.0,-460,24.0,44.0,-439.0,-12,-454,-15,-151,-83,-511,-301,-402928.0,-762103.0,-488.0,-60087.0,0.0,-60087.0,-0.44508888888888887,-368,-45.26119330700021,-1974272,28.84207341973797,0.10519388407377095,0.0,0.0036700654867956595
mixed,21,-0.010000000000000009,-0.010000000000000009,29.432350170754432,25.699889891815985,3.7324602789385573,0.0,-414,28.0,33.0,-416.0,-10,-418,-9,-136,-77,-477,-308,-351215.0,-672946.0,-447.0,-55644.0,0.0,-55644.0,-0.41217777777777775,-355,-135.79960326687433,585728,102.61508778780086,0.003841978176141403,0.0,-0.015793140478753853
mixed,22,0.0,0.0,35.5284009822696,31.296081755996,4.232319226273297,0.0,-469,33.0,41.0,-483.0,-9,-483,-9,-154,-89,-529,-320,-356339.0,-685346.0,-506.0,-64986.0,0.0,-64986.0,-0.4813777777777778,-394,-0.8521584877744317,-29474816,0.9485801283327362,0.1585238283257513,0.0,-0.010662187334888135
mixed,23,0.0,0.0,28.39815368974928,24.76401208339354,3.63414160635563,0.0,-476,28.0,37.0,-505.0,-10,-505,-10,-157,-89,-509,-307,-389827.0,-752174.0,-506.0,-61492.0,0.0,-61492.0,-0.4554962962962963,-411,-113.49941052077338,-35332096,73.6139026842933,0.014005665645517418,-0.10000000000000009,-0.04222659842459721
mixed,24,0.0,0.0,30.06459116002935,28.055332926339815,2.009258233689618,0.0,-471,29.0,24.0,-480.0,-8,-490,-8,-157,-88,-506,-315,-378937.0,-722166.0,-505.0,-65112.0,0.0,-65112.0,-0.48231111111111113,-394,-46.70207902416587,720896,30.253703880805375,0.09280518241750024,0.0,-0.006816268423909533
mixed,25,0.0,-0.010000000000000009,29.50123185978407,27.26797783203216,2.233254027752089,0.0,-495,27.0,22.0,-477.0,-11,-498,-11,-127,-86,-497,-299,-335647.0,-641876.0,-527.0,-65908.0,0.0,-65908.0,-0.4882074074074074,-424,-66.42328458093107,-729088,75.275997157874,0.10771723777579045,-0.040000000000000036,0.008630919136200746
mixed,26,0.0,0.0,33.185609983915356,29.687431777817096,3.498178206098249,0.0,-441,34.0,28.0,-450.0,-10,-482,-15,-162,-82,-511,-317,-537339.0,-990866.0,-478.0,-58601.0,0.0,-58601.0,-0.43408148148148146,-386,12.788463392178528,36446208,-9.838699169097197,-0.012509268502317261,0.0,-0.026932898090341578
mixed,27,0.010000000000000009,0.010000000000000009,35.42083397131364,30.47822268205357,4.9426112892601495,0.0,-434,37.0,51.0,-460.0,-7,-446,-7,-166,-83,-509,-319,-383727.0,-724797.0,-476.0,-57727.0,0.0,-57727.0,-0.4276074074074074,-375,51.57721606804989,8282112,-37.949224926618314,-0.00619791185746732,-0.10000000000000009,-0.014483229280309165
mixed,28,0.0,0.0,29.608983587800424,25.94520461152348,3.6637789762768733,0.0,-459,28.0,31.0,-448.0,-6,-455,-6,-121,-79,-437,-269,-301657.0,-573417.0,-488.0,-61391.0,0.0,-61391.0,-0.4547481481481481,-392,54.41080242651515,-75227136,-23.652619671730946,0.27400681314430897,0.0,-0.0019596662111210916
mixed,29,0.0,0.0,33.074502982366766,28.396834870520536,4.677668111846227,0.0,-436,34.0,48.0,-471.0,-5,-469,-8,-142,-81,-500,-306,-447643.0,-856677.0,-471.0,-58641.0,0.0,-58641.0,-0.43437777777777775,-367,-115.27835923607927,5455872,100.34304526276529,0.21912630178761416,-0.12,-0.009701017328856365
mixed,30,0.0,0.0,28.155394361294327,24.045116182514107,4.110278178780224,0.0,-438,30.0,41.0,-470.0,-9,-468,-9,-172,-87,-509,-309,-415393.0,-781240.0,-471.0,-59131.0,0.0,-59131.0,-0.4380074074074074,-376,-101.6695334421238,-73080832,63.38039889429547,0.08155909064432587,0.0,-0.004704072379299609
mixed,31,0.0,0.0,27.20022257803197,23.918523195627415,3.2816993824046854,0.0,-448,24.0,32.0,-444.0,-10,-455,-10,-135,-56,-426,-284,-317906.0,-605866.0,-476.0,-60703.000000000015,0.0,-60703.000000000015,-0.44965185185185197,-399,-37.44155972637236,-77279232,30.475175721510425,0.030805714572652798,0.0,-0.018111432353043855
mixed,32,0.0,0.0,38.467947181722195,33.17403599552949,5.2939111861924815,0.0,-477,36.0,47.0,-478.0,-3,-485,-5,-148,-92,-516,-298,-497817.0,-940389.0,-517.0,-64414.000000000015,0.0,-64414.000000000015,-0.47714074074074087,-404,-132.11498431349173,331776,98.1304058958716,-0.0064004063952327606,-0.18000000000000005,-0.004740095029621222
mixed,33,0.0,0.0,18.015568001306406,15.698152947769984,2.3174150535367417,0.0,-470,19.0,21.0,-456.0,-11,-477,-11,-170,-80,-498,-308,-390427.0,-751986.0,-492.0,-62116.0,0.0,-62116.0,-0.46011851851851854,-396,-142.5416603096528,-25157632,104.62110023205176,0.013166600438804132,0.0,0.0034387771910650844
mixed,34,0.0,0.0,19.374428878101412,17.639610950208237,1.7348179278931575,0.0,-443,19.0,17.0,-422.0,-6,-448,-8,-134,-84,-487,-282,-507609.0,-957066.0,-464.0,-57946.0,0.0,-57946.0,-0.4292296296296296,-347,3.143302864395082,-32665600,-3.5989819837746495,0.2445867522325914,-0.18000000000000005,0.003156564594693559
mixed,35,0.0,0.0,27.729710605842342,24.409153337550265,3.320557268292042,0.0,-495,25.0,31.0,-509.0,-11,-536,-10,-148,-88,-509,-297,-384762.0,-744449.0,-521.0,-64348.0,0.0,-64348.0,-0.4766518518518518,-424,-33.33811962231994,-30515200,26.762797041761615,0.02650683119582542,-0.24,-0.006033818170943672
mixed,36,0.010000000000000009,0.010000000000000009,24.17979913049379,20.94585286647117,3.2339462640225953,0.0,-470,22.0,26.0,-435.0,-15,-457,-19,-120,-91,-542,-323,-486068.0,-911574.0,-494.0,-63199.0,0.0,-63199.0,-0.46814074074074075,-386,-69.15889602212701,-106496,35.91840614080081,0.13104389953306084,-0.14,-0.011658402555371844
mixed,37,0.010000000000000009,0.010000000000000009,32.19258465902891,28.59960523041366,3.5929794286151555,0.0,-459,30.0,35.0,-451.0,-10,-466,-12,-144,-88,-536,-326,-400832.0,-779216.0,-492.0,-59294.0,0.0,-59294.0,-0.43921481481481484,-384,-144.6660441289423,192512,106.14485766026391,0.13660121201729836,-0.06000000000000005,-0.023170871810341484
mixed,38,0.0,0.0,37.83325080930763,35.30182602308088,2.5314247862267045,0.0,-466,32.0,21.0,-471.0,-4,-488,-6,-168,-92,-545,-319,-456942.00000000006,-864860.0,-500.0,-62592.0,0.0,-62592.0,-0.46364444444444447,-394,-143.38467235316057,-3883008,101.8193287916393,0.09101562750297709,0.0,-0.013099521586582397
mixed,39,0.0,0.0,23.349419931345892,19.934484174614738,3.414935756731147,0.0,-455,24.0,33.0,-445.0,-6,-444,-8,-129,-92,-456,-261,-356899.0,-695458.0,-483.0,-64753.0,0.0,-64753.0,-0.47965185185185183,-372,36.702874037553556,2916352,-34.93256738911879,0.0778885484867613,-0.10000000000000009,-0.003214623033084757
mixed,40,0.0,0.0,29.57498150938784,25.794595860503136,3.780385648884362,0.0,-411,30.0,39.0,-439.0,-10,-438,-10,-172,-85,-453,-271,-390272.0,-740589.0,-442.0,-55014.000000000015,0.0,-55014.000000000015,-0.4075111111111112,-366,-10.001733389915898,1531904,6.571619526143252,0.21359746676492952,-0.020000000000000018,-0.013957604775206633
mixed,41,0.0,0.0,24.68397218265312,20.555788455956815,4.128183726696349,0.0,-453,24.0,43.0,-475.0,-8,-485,-7,-146,-83,-458,-286,-308889.0,-594440.0,-479.0,-61445.0,0.0,-61445.0,-0.45514814814814814,-391,-22.91799468640238,-2404352,21.559410979443356,0.21885216930135143,-0.12,-0.008891313818597119
mixed,42,0.009999999999999898,0.009999999999999898,22.76739145220438,19.705382980312663,3.062008471891666,0.0,-451,23.0,30.0,-448.0,-13,-473,-13,-134,-70,-455,-282,-309444.0,-592576.0,-475.0,-57974.0,0.0,-57974.0,-0.42943703703703706,-380,20.572549909120426,-7266304,-10.725679013514906,0.0508814138229291,0.0,0.014315595960825003
mixed,43,0.0,0.0,19.253657509247375,17.32020700957321,1.9334504996742226,0.0,-460,20.0,22.0,-459.0,-15,-493,-15,-157,-87,-504,-310,-456376.0,-880932.0,-484.0,-60828.0,0.0,-60828.0,-0.4505777777777778,-397,-124.35507597599644,-3010560,112.85175382310297,0.1432638471332246,-0.14,0.008504636888081327
mixed,44,0.010000000000000009,0.020000000000000018,27.034093275319265,23.967886862522505,3.0662064127967525,0.0,-480,29.0,37.0,-474.0,-6,-491,-9,-141,-91,-504,-306,-393722.0,-751774.0,-512.0,-63382.0,0.0,-63382.0,-0.4694962962962963,-414,-34.78771538473666,3670016,45.08647389811654,0.253535893864433,-0.16000000000000003,0.004167015572237642
mixed,45,0.0,0.0,28.286099717261777,24.061595421742425,4.224504295519342,0.0,-486,32.0,44.0,-527.0,-7,-538,-8,-147,-86,-479,-282,-393634.0,-745032.0,-519.0,-66784.0,0.0,-66784.0,-0.4946962962962963,-412,-26.901613734662533,38273024,24.661318182151803,0.0861581747260296,-0.020000000000000018,-0.0011724373238963803
mixed,46,0.0,0.0,41.888683797883175,37.270405723148144,4.618278074735198,0.0,-441,44.0,47.0,-473.0,-3,-458,-4,-148,-89,-518,-322,-433910.0,-808788.0,-488.0,-60148.0,0.0,-60148.0,-0.44554074074074074,-390,7.771926007117145,-6316032,-3.9344535940444416,0.18844258326137275,0.0,-0.021055531901628677
mixed,47,0.0,0.0,34.1374674824263,30.77059219890168,3.366875283524603,0.0,-441,29.0,31.0,-438.0,-11,-447,-13,-155,-85,-552,-347,-426947.0,-830420.0,-474.0,-56062.0,0.0,-56062.0,-0.4152740740740741,-382,8.516417097765952,26288128,-6.083987325017176,-0.002300856969240539,-0.12,-0.002569291725850076
mixed,48,0.0,0.0,24.11875704822711,21.535925042312215,2.582832005915016,0.0,-468,23.0,19.0,-480.0,-8,-501,-13,-118,-86,-470,-272,-363919.0,-689914.0,-492.0,-62433.0,0.0,-62433.0,-0.4624666666666667,-388,-45.45070774888154,-1454080,28.961090692281715,0.0597758611636402,-0.16000000000000003,0.02031637881689566
mixed,49,0.0,0.0,45.77305004280464,40.13696155204207,5.636088490762582,0.0,-418,41.0,51.0,-455.0,-5,-447,-7,-146,-87,-460,-285,-536107.0,-1002409.0,-462.0,-57017.0,0.0,-57017.0,-0.42234814814814814,-362,-99.4712302358821,-4345856,79.68438370660019,0.17676546728614584,-0.08000000000000007,0.013761327814825308
