env,alpha,policy_name,seed,total_reward,illuminated_images,target_imaging_count,downlink_action_count,acq_success_rate,avg_acquisition_time_sec,frac_all_LEO,frac_all_MEO,frac_all_GEO,resolved_run_dir,useful_downlinks_est
MIXED,0.1,oct14_obsv7_1e_5lr_batch5000_gamma9997_10d90i,0,93.0,93,129,26.0,0.7131782945736435,142.97826086956493,0.6201550387596899,0.23255813953488372,0.14728682170542637,/Users/dahu1128/Repositories/bsk_rl/examples/data/GNC26_data/RL10d90i_mixed/RL_seed0_RL_latest10d90i_mixed_20260115_153140,92.99999999999997
MIXED,0.1,oct14_obsv7_1e_5lr_batch5000_gamma9997_10d90i,1,91.8,92,140,11.0,0.6259541984732825,133.84146341463384,0.6335877862595419,0.22900763358778625,0.13740458015267176,/Users/dahu1128/Repositories/bsk_rl/examples/data/GNC26_data/RL10d90i_mixed/RL_seed1_RL_latest10d90i_mixed_20260115_153802,90.0
MIXED,0.1,oct14_obsv7_1e_5lr_batch5000_gamma9997_10d90i,2,93.0,93,142,7.0,0.6830985915492958,153.82474226804098,0.6338028169014085,0.23943661971830985,0.1267605633802817,/Users/dahu1128/Repositories/bsk_rl/examples/data/GNC26_data/RL10d90i_mixed/RL_seed2_RL_latest10d90i_mixed_20260115_154534,92.99999999999997
MIXED,0.1,oct14_obsv7_1e_5lr_batch5000_gamma9997_10d90i,3,94.9,95,136,13.0,0.7185185185185186,155.85567010309248,0.6,0.17777777777777778,0.2222222222222222,/Users/dahu1128/Repositories/bsk_rl/examples/data/GNC26_data/RL10d90i_mixed/RL_seed3_RL_latest10d90i_mixed_20260115_155201,94.00000000000006
MIXED,0.1,oct14_obsv7_1e_5lr_batch5000_gamma9997_10d90i,4,97.0,97,124,22.0,0.7258064516129032,113.06666666666642,0.5887096774193549,0.22580645161290322,0.18548387096774194,/Users/dahu1128/Repositories/bsk_rl/examples/data/GNC26_data/RL10d90i_mixed/RL_seed4_RL_latest10d90i_mixed_20260115_155827,97.00000000000003
MIXED,0.1,oct14_obsv7_1e_5lr_batch5000_gamma9997_10d90i,5,91.0,91,134,18.0,0.6567164179104478,121.55681818181793,0.6417910447761194,0.15671641791044777,0.20149253731343283,/Users/dahu1128/Repositories/bsk_rl/examples/data/GNC26_data/RL10d90i_mixed/RL_seed5_RL_latest10d90i_mixed_20260115_160451,90.99999999999994
MIXED,0.1,oct14_obsv7_1e_5lr_batch5000_gamma9997_10d90i,6,91.9,92,135,18.0,0.7073170731707317,158.58620689655146,0.5772357723577236,0.16260162601626016,0.2601626016260163,/Users/dahu1128/Repositories/bsk_rl/examples/data/GNC26_data/RL10d90i_mixed/RL_seed6_RL_latest10d90i_mixed_20260115_161206,91.00000000000009
MIXED,0.1,oct14_obsv7_1e_5lr_batch5000_gamma9997_10d90i,7,93.1,93,138,11.0,0.6521739130434783,165.95555555555543,0.6014492753623188,0.1956521739130435,0.2028985507246377,/Users/dahu1128/Repositories/bsk_rl/examples/data/GNC26_data/RL10d90i_mixed/RL_seed7_RL_latest10d90i_mixed_20260115_161846,93.99999999999991
MIXED,0.1,oct14_obsv7_1e_5lr_batch5000_gamma9997_10d90i,8,92.9,93,137,17.0,0.6715328467153284,145.65217391304301,0.6204379562043796,0.16058394160583941,0.21897810218978103,/Users/dahu1128/Repositories/bsk_rl/examples/data/GNC26_data/RL10d90i_mixed/RL_seed8_RL_latest10d90i_mixed_20260115_162436,92.00000000000003
MIXED,0.1,oct14_obsv7_1e_5lr_batch5000_gamma9997_10d90i,9,96.1,96,140,12.0,0.6666666666666666,131.3139534883717,0.627906976744186,0.24031007751937986,0.13178294573643412,/Users/dahu1128/Repositories/bsk_rl/examples/data/GNC26_data/RL10d90i_mixed/RL_seed9_RL_latest10d90i_mixed_20260115_163132,96.99999999999989
MIXED,0.1,oct14_obsv7_1e_5lr_batch5000_gamma9997_10d90i,10,96.9,97,129,31.0,0.689922480620155,154.57303370786497,0.5658914728682171,0.23255813953488372,0.20155038759689922,/Users/dahu1128/Repositories/bsk_rl/examples/data/GNC26_data/RL10d90i_mixed/RL_seed10_RL_latest10d90i_mixed_20260115_153142,96.00000000000009
MIXED,0.1,oct14_obsv7_1e_5lr_batch5000_gamma9997_10d90i,11,91.7,92,137,14.0,0.625,159.62352941176448,0.6397058823529411,0.14705882352941177,0.21323529411764705,/Users/dahu1128/Repositories/bsk_rl/examples/data/GNC26_data/RL10d90i_mixed/RL_seed11_RL_latest10d90i_mixed_20260115_153815,89.00000000000006
MIXED,0.1,oct14_obsv7_1e_5lr_batch5000_gamma9997_10d90i,12,94.8,95,139,13.0,0.6690647482014388,141.61290322580624,0.6474820143884892,0.2014388489208633,0.1510791366906475,/Users/dahu1128/Repositories/bsk_rl/examples/data/GNC26_data/RL10d90i_mixed/RL_seed12_RL_latest10d90i_mixed_20260115_154538,92.99999999999997
MIXED,0.1,oct14_obsv7_1e_5lr_batch5000_gamma9997_10d90i,13,90.8,91,134,22.0,0.6194029850746269,93.4819277108432,0.7014925373134329,0.1417910447761194,0.15671641791044777,/Users/dahu1128/Repositories/bsk_rl/examples/data/GNC26_data/RL10d90i_mixed/RL_seed13_RL_latest10d90i_mixed_20260115_155201,88.99999999999991
MIXED,0.1,oct14_obsv7_1e_5lr_batch5000_gamma9997_10d90i,14,96.0,96,140,16.0,0.6714285714285714,139.79787234042527,0.6071428571428571,0.22142857142857142,0.17142857142857143,/Users/dahu1128/Repositories/bsk_rl/examples/data/GNC26_data/RL10d90i_mixed/RL_seed14_RL_latest10d90i_mixed_20260115_155827,95.99999999999994
MIXED,0.1,oct14_obsv7_1e_5lr_batch5000_gamma9997_10d90i,15,96.1,96,143,19.0,0.6747967479674797,171.4337349397588,0.5934959349593496,0.24390243902439024,0.16260162601626016,/Users/dahu1128/Repositories/bsk_rl/examples/data/GNC26_data/RL10d90i_mixed/RL_seed15_RL_latest10d90i_mixed_20260115_160453,96.99999999999989
MIXED,0.1,oct14_obsv7_1e_5lr_batch5000_gamma9997_10d90i,16,91.0,91,138,15.0,0.6176470588235294,118.54761904761878,0.6029411764705882,0.23529411764705882,0.16176470588235295,/Users/dahu1128/Repositories/bsk_rl/examples/data/GNC26_data/RL10d90i_mixed/RL_seed16_RL_latest10d90i_mixed_20260115_161201,90.99999999999994
MIXED,0.1,oct14_obsv7_1e_5lr_batch5000_gamma9997_10d90i,17,94.9,95,141,12.0,0.6666666666666666,158.60638297872293,0.6453900709219859,0.20567375886524822,0.14893617021276595,/Users/dahu1128/Repositories/bsk_rl/examples/data/GNC26_data/RL10d90i_mixed/RL_seed17_RL_latest10d90i_mixed_20260115_181657,94.00000000000006
MIXED,0.1,oct14_obsv7_1e_5lr_batch5000_gamma9997_10d90i,18,91.9,92,142,14.0,0.647887323943662,125.52173913043447,0.6338028169014085,0.20422535211267606,0.1619718309859155,/Users/dahu1128/Repositories/bsk_rl/examples/data/GNC26_data/RL10d90i_mixed/RL_seed18_RL_latest10d90i_mixed_20260115_161839,91.00000000000009
MIXED,0.1,oct14_obsv7_1e_5lr_batch5000_gamma9997_10d90i,19,96.0,96,137,23.0,0.7518248175182481,129.30097087378616,0.635036496350365,0.23357664233576642,0.13138686131386862,/Users/dahu1128/Repositories/bsk_rl/examples/data/GNC26_data/RL10d90i_mixed/RL_seed19_RL_latest10d90i_mixed_20260115_162426,95.99999999999994
MIXED,0.1,oct14_obsv7_1e_5lr_batch5000_gamma9997_10d90i,20,98.0,98,143,13.0,0.6503496503496503,126.84946236559121,0.6993006993006993,0.1888111888111888,0.11188811188811189,/Users/dahu1128/Repositories/bsk_rl/examples/data/GNC26_data/RL10d90i_mixed/RL_seed20_RL_latest10d90i_mixed_20260115_153146,97.99999999999997
MIXED,0.1,oct14_obsv7_1e_5lr_batch5000_gamma9997_10d90i,21,92.9,93,135,15.0,0.674074074074074,155.0989010989007,0.6444444444444445,0.15555555555555556,0.2,/Users/dahu1128/Repositories/bsk_rl/examples/data/GNC26_data/RL10d90i_mixed/RL_seed21_RL_latest10d90i_mixed_20260115_153823,92.00000000000003
MIXED,0.1,oct14_obsv7_1e_5lr_batch5000_gamma9997_10d90i,22,98.0,98,129,29.0,0.7131782945736435,136.55434782608674,0.5658914728682171,0.23255813953488372,0.20155038759689922,/Users/dahu1128/Repositories/bsk_rl/examples/data/GNC26_data/RL10d90i_mixed/RL_seed22_RL_latest10d90i_mixed_20260115_154549,97.99999999999997
MIXED,0.1,oct14_obsv7_1e_5lr_batch5000_gamma9997_10d90i,23,97.9,98,134,18.0,0.6716417910447762,130.94444444444423,0.5671641791044776,0.23880597014925373,0.19402985074626866,/Users/dahu1128/Repositories/bsk_rl/examples/data/GNC26_data/RL10d90i_mixed/RL_seed23_RL_latest10d90i_mixed_20260115_155206,97.00000000000003
MIXED,0.1,oct14_obsv7_1e_5lr_batch5000_gamma9997_10d90i,24,96.0,96,130,16.0,0.752,112.11702127659538,0.584,0.248,0.168,/Users/dahu1128/Repositories/bsk_rl/examples/data/GNC26_data/RL10d90i_mixed/RL_seed24_RL_latest10d90i_mixed_20260115_155833,95.99999999999994
MIXED,0.1,oct14_obsv7_1e_5lr_batch5000_gamma9997_10d90i,25,92.0,92,133,17.0,0.65625,110.9523809523807,0.59375,0.1796875,0.2265625,/Users/dahu1128/Repositories/bsk_rl/examples/data/GNC26_data/RL10d90i_mixed/RL_seed25_RL_latest10d90i_mixed_20260115_160455,92.00000000000003
MIXED,0.1,oct14_obsv7_1e_5lr_batch5000_gamma9997_10d90i,26,87.0,87,138,10.0,0.656934306569343,148.18888888888853,0.6642335766423357,0.2116788321167883,0.12408759124087591,/Users/dahu1128/Repositories/bsk_rl/examples/data/GNC26_data/RL10d90i_mixed/RL_seed26_RL_latest10d90i_mixed_20260115_161201,87.00000000000003
MIXED,0.1,oct14_obsv7_1e_5lr_batch5000_gamma9997_10d90i,27,95.6,96,141,11.0,0.6808510638297872,125.91666666666636,0.624113475177305,0.19858156028368795,0.1773049645390071,/Users/dahu1128/Repositories/bsk_rl/examples/data/GNC26_data/RL10d90i_mixed/RL_seed27_RL_latest10d90i_mixed_20260115_161839,91.99999999999989
MIXED,0.1,oct14_obsv7_1e_5lr_batch5000_gamma9997_10d90i,28,93.0,93,137,15.0,0.7153284671532847,176.3775510204078,0.6423357664233577,0.22627737226277372,0.13138686131386862,/Users/dahu1128/Repositories/bsk_rl/examples/data/GNC26_data/RL10d90i_mixed/RL_seed28_RL_latest10d90i_mixed_20260115_162424,92.99999999999997
MIXED,0.1,oct14_obsv7_1e_5lr_batch5000_gamma9997_10d90i,29,94.0,94,133,19.0,0.6992481203007519,120.05376344085994,0.6390977443609023,0.19548872180451127,0.16541353383458646,/Users/dahu1128/Repositories/bsk_rl/examples/data/GNC26_data/RL10d90i_mixed/RL_seed29_RL_latest10d90i_mixed_20260115_163114,93.99999999999991
MIXED,0.1,oct14_obsv7_1e_5lr_batch5000_gamma9997_10d90i,30,93.0,93,136,13.0,0.6323529411764706,183.65116279069744,0.6764705882352942,0.19117647058823528,0.1323529411764706,/Users/dahu1128/Repositories/bsk_rl/examples/data/GNC26_data/RL10d90i_mixed/RL_seed30_RL_latest10d90i_mixed_20260115_153149,92.99999999999997
MIXED,0.1,oct14_obsv7_1e_5lr_batch5000_gamma9997_10d90i,31,97.0,97,129,30.0,0.7073170731707317,146.9310344827583,0.5040650406504065,0.25203252032520324,0.24390243902439024,/Users/dahu1128/Repositories/bsk_rl/examples/data/GNC26_data/RL10d90i_mixed/RL_seed31_RL_latest10d90i_mixed_20260115_153833,97.00000000000003
MIXED,0.1,oct14_obsv7_1e_5lr_batch5000_gamma9997_10d90i,32,92.0,92,138,13.0,0.6515151515151515,99.06976744186021,0.5757575757575758,0.19696969696969696,0.22727272727272727,/Users/dahu1128/Repositories/bsk_rl/examples/data/GNC26_data/RL10d90i_mixed/RL_seed32_RL_latest10d90i_mixed_20260115_154557,92.00000000000003
MIXED,0.1,oct14_obsv7_1e_5lr_batch5000_gamma9997_10d90i,33,92.0,92,137,18.0,0.6029411764705882,143.98780487804854,0.5514705882352942,0.22794117647058823,0.22058823529411764,/Users/dahu1128/Repositories/bsk_rl/examples/data/GNC26_data/RL10d90i_mixed/RL_seed33_RL_latest10d90i_mixed_20260115_155214,92.00000000000003
MIXED,0.1,oct14_obsv7_1e_5lr_batch5000_gamma9997_10d90i,34,95.0,95,136,15.0,0.7058823529411765,166.04166666666632,0.6102941176470589,0.19117647058823528,0.19852941176470587,/Users/dahu1128/Repositories/bsk_rl/examples/data/GNC26_data/RL10d90i_mixed/RL_seed34_RL_latest10d90i_mixed_20260115_155843,95.0
MIXED,0.1,oct14_obsv7_1e_5lr_batch5000_gamma9997_10d90i,35,96.0,96,140,15.0,0.6617647058823529,130.14444444444425,0.6102941176470589,0.17647058823529413,0.21323529411764705,/Users/dahu1128/Repositories/bsk_rl/examples/data/GNC26_data/RL10d90i_mixed/RL_seed35_RL_latest10d90i_mixed_20260115_160459,95.99999999999994
MIXED,0.1,oct14_obsv7_1e_5lr_batch5000_gamma9997_10d90i,36,95.9,96,135,12.0,0.6865671641791045,135.46739130434756,0.5895522388059702,0.2835820895522388,0.12686567164179105,/Users/dahu1128/Repositories/bsk_rl/examples/data/GNC26_data/RL10d90i_mixed/RL_seed36_RL_latest10d90i_mixed_20260115_161209,95.0
MIXED,0.1,oct14_obsv7_1e_5lr_batch5000_gamma9997_10d90i,37,91.9,92,146,18.0,0.6744186046511628,179.22988505747097,0.6201550387596899,0.16279069767441862,0.21705426356589147,/Users/dahu1128/Repositories/bsk_rl/examples/data/GNC26_data/RL10d90i_mixed/RL_seed37_RL_latest10d90i_mixed_20260115_161854,91.00000000000009
MIXED,0.1,oct14_obsv7_1e_5lr_batch5000_gamma9997_10d90i,38,93.9,94,142,12.0,0.704225352112676,149.2799999999996,0.5774647887323944,0.2535211267605634,0.16901408450704225,/Users/dahu1128/Repositories/bsk_rl/examples/data/GNC26_data/RL10d90i_mixed/RL_seed38_RL_latest10d90i_mixed_20260115_162433,92.99999999999997
MIXED,0.1,oct14_obsv7_1e_5lr_batch5000_gamma9997_10d90i,39,95.0,95,133,23.0,0.7419354838709677,142.07608695652127,0.5483870967741935,0.24193548387096775,0.20967741935483872,/Users/dahu1128/Repositories/bsk_rl/examples/data/GNC26_data/RL10d90i_mixed/RL_seed39_RL_latest10d90i_mixed_20260115_163121,95.0
MIXED,0.1,oct14_obsv7_1e_5lr_batch5000_gamma9997_10d90i,40,92.8,93,129,30.0,0.6585365853658537,164.49382716049357,0.5121951219512195,0.2845528455284553,0.2032520325203252,/Users/dahu1128/Repositories/bsk_rl/examples/data/GNC26_data/RL10d90i_mixed/RL_seed40_RL_latest10d90i_mixed_20260115_153154,90.99999999999994
MIXED,0.1,oct14_obsv7_1e_5lr_batch5000_gamma9997_10d90i,41,97.0,97,142,12.0,0.7183098591549296,122.4019607843133,0.6408450704225352,0.18309859154929578,0.176056338028169,/Users/dahu1128/Repositories/bsk_rl/examples/data/GNC26_data/RL10d90i_mixed/RL_seed41_RL_latest10d90i_mixed_20260115_153835,97.00000000000003
MIXED,0.1,oct14_obsv7_1e_5lr_batch5000_gamma9997_10d90i,42,96.0,96,134,22.0,0.6940298507462687,178.612903225806,0.6343283582089553,0.23134328358208955,0.13432835820895522,/Users/dahu1128/Repositories/bsk_rl/examples/data/GNC26_data/RL10d90i_mixed/RL_seed42_RL_latest10d90i_mixed_20260115_154546,95.99999999999994
MIXED,0.1,oct14_obsv7_1e_5lr_batch5000_gamma9997_10d90i,43,97.0,97,141,10.0,0.7092198581560284,150.64999999999975,0.6808510638297872,0.09219858156028368,0.22695035460992907,/Users/dahu1128/Repositories/bsk_rl/examples/data/GNC26_data/RL10d90i_mixed/RL_seed43_RL_latest10d90i_mixed_20260115_155201,97.00000000000003
MIXED,0.1,oct14_obsv7_1e_5lr_batch5000_gamma9997_10d90i,44,95.0,95,133,25.0,0.6992481203007519,121.72043010752672,0.5338345864661654,0.21804511278195488,0.24812030075187969,/Users/dahu1128/Repositories/bsk_rl/examples/data/GNC26_data/RL10d90i_mixed/RL_seed44_RL_latest10d90i_mixed_20260115_155831,95.0
MIXED,0.1,oct14_obsv7_1e_5lr_batch5000_gamma9997_10d90i,45,96.0,96,130,14.0,0.6774193548387096,107.4999999999997,0.6048387096774194,0.21774193548387097,0.1774193548387097,/Users/dahu1128/Repositories/bsk_rl/examples/data/GNC26_data/RL10d90i_mixed/RL_seed45_RL_latest10d90i_mixed_20260115_160451,95.99999999999994
MIXED,0.1,oct14_obsv7_1e_5lr_batch5000_gamma9997_10d90i,46,96.0,96,138,19.0,0.7007299270072993,112.77083333333316,0.5766423357664233,0.18248175182481752,0.24087591240875914,/Users/dahu1128/Repositories/bsk_rl/examples/data/GNC26_data/RL10d90i_mixed/RL_seed46_RL_latest10d90i_mixed_20260115_161201,95.99999999999994
MIXED,0.1,oct14_obsv7_1e_5lr_batch5000_gamma9997_10d90i,47,91.9,92,141,11.0,0.6466165413533834,98.11627906976709,0.631578947368421,0.24812030075187969,0.12030075187969924,/Users/dahu1128/Repositories/bsk_rl/examples/data/GNC26_data/RL10d90i_mixed/RL_seed47_RL_latest10d90i_mixed_20260115_161840,91.00000000000009
MIXED,0.1,oct14_obsv7_1e_5lr_batch5000_gamma9997_10d90i,48,91.3,92,142,12.0,0.6549295774647887,143.3225806451611,0.6619718309859155,0.176056338028169,0.1619718309859155,/Users/dahu1128/Repositories/bsk_rl/examples/data/GNC26_data/RL10d90i_mixed/RL_seed48_RL_latest10d90i_mixed_20260115_162430,85.0
MIXED,0.1,oct14_obsv7_1e_5lr_batch5000_gamma9997_10d90i,49,93.0,93,138,15.0,0.6592592592592592,164.1685393258424,0.6074074074074074,0.2740740740740741,0.11851851851851852,/Users/dahu1128/Repositories/bsk_rl/examples/data/GNC26_data/RL10d90i_mixed/RL_seed49_RL_latest10d90i_mixed_20260115_163117,92.99999999999997
MIXED,0.1,oct14_obsv7_1e_5lr_batch5000_gamma9997_10d90i,50,91.7,92,136,15.0,0.6090225563909775,171.87654320987642,0.5939849624060151,0.24060150375939848,0.16541353383458646,/Users/dahu1128/Repositories/bsk_rl/examples/data/GNC26_data/RL10d90i_mixed/RL_seed50_RL_latest10d90i_mixed_20260115_153158,89.00000000000006
MIXED,0.1,oct14_obsv7_1e_5lr_batch5000_gamma9997_10d90i,51,93.7,94,131,17.0,0.6259541984732825,135.41463414634129,0.5648854961832062,0.1984732824427481,0.2366412213740458,/Users/dahu1128/Repositories/bsk_rl/examples/data/GNC26_data/RL10d90i_mixed/RL_seed51_RL_latest10d90i_mixed_20260115_153837,90.99999999999994
MIXED,0.1,oct14_obsv7_1e_5lr_batch5000_gamma9997_10d90i,52,93.8,94,132,16.0,0.671875,80.23255813953467,0.65625,0.1953125,0.1484375,/Users/dahu1128/Repositories/bsk_rl/examples/data/GNC26_data/RL10d90i_mixed/RL_seed52_RL_latest10d90i_mixed_20260115_154557,91.99999999999989
MIXED,0.1,oct14_obsv7_1e_5lr_batch5000_gamma9997_10d90i,53,90.7,91,138,19.0,0.6231884057971014,136.16279069767415,0.6159420289855072,0.18840579710144928,0.1956521739130435,/Users/dahu1128/Repositories/bsk_rl/examples/data/GNC26_data/RL10d90i_mixed/RL_seed53_RL_latest10d90i_mixed_20260115_155209,87.99999999999997
MIXED,0.1,oct14_obsv7_1e_5lr_batch5000_gamma9997_10d90i,54,97.0,97,137,17.0,0.6788321167883211,164.68817204301033,0.6277372262773723,0.18248175182481752,0.1897810218978102,/Users/dahu1128/Repositories/bsk_rl/examples/data/GNC26_data/RL10d90i_mixed/RL_seed54_RL_latest10d90i_mixed_20260115_155834,97.00000000000003
MIXED,0.1,oct14_obsv7_1e_5lr_batch5000_gamma9997_10d90i,55,91.0,91,136,20.0,0.6691176470588235,125.78021978021958,0.6176470588235294,0.17647058823529413,0.20588235294117646,/Users/dahu1128/Repositories/bsk_rl/examples/data/GNC26_data/RL10d90i_mixed/RL_seed55_RL_latest10d90i_mixed_20260115_160455,90.99999999999994
MIXED,0.1,oct14_obsv7_1e_5lr_batch5000_gamma9997_10d90i,56,93.0,93,133,16.0,0.6390977443609023,153.1294117647055,0.5864661654135338,0.23308270676691728,0.18045112781954886,/Users/dahu1128/Repositories/bsk_rl/examples/data/GNC26_data/RL10d90i_mixed/RL_seed56_RL_latest10d90i_mixed_20260115_161202,92.99999999999997
MIXED,0.1,oct14_obsv7_1e_5lr_batch5000_gamma9997_10d90i,57,98.0,98,133,20.0,0.6821705426356589,122.52272727272698,0.5658914728682171,0.26356589147286824,0.17054263565891473,/Users/dahu1128/Repositories/bsk_rl/examples/data/GNC26_data/RL10d90i_mixed/RL_seed57_RL_latest10d90i_mixed_20260115_161846,97.99999999999997
MIXED,0.1,oct14_obsv7_1e_5lr_batch5000_gamma9997_10d90i,58,93.9,94,139,18.0,0.6906474820143885,127.31249999999976,0.6115107913669064,0.2158273381294964,0.17266187050359713,/Users/dahu1128/Repositories/bsk_rl/examples/data/GNC26_data/RL10d90i_mixed/RL_seed58_RL_latest10d90i_mixed_20260115_162433,92.99999999999997
MIXED,0.1,oct14_obsv7_1e_5lr_batch5000_gamma9997_10d90i,59,94.0,94,136,16.0,0.6666666666666666,160.45454545454515,0.6515151515151515,0.17424242424242425,0.17424242424242425,/Users/dahu1128/Repositories/bsk_rl/examples/data/GNC26_data/RL10d90i_mixed/RL_seed59_RL_latest10d90i_mixed_20260115_163128,93.99999999999991
MIXED,0.1,oct14_obsv7_1e_5lr_batch5000_gamma9997_10d90i,60,91.6,92,141,11.0,0.6099290780141844,163.91860465116264,0.5602836879432624,0.2624113475177305,0.1773049645390071,/Users/dahu1128/Repositories/bsk_rl/examples/data/GNC26_data/RL10d90i_mixed/RL_seed60_RL_latest10d90i_mixed_20260115_153200,87.99999999999997
MIXED,0.1,oct14_obsv7_1e_5lr_batch5000_gamma9997_10d90i,61,97.9,98,134,17.0,0.7014925373134329,154.91489361702105,0.6343283582089553,0.16417910447761194,0.20149253731343283,/Users/dahu1128/Repositories/bsk_rl/examples/data/GNC26_data/RL10d90i_mixed/RL_seed61_RL_latest10d90i_mixed_20260115_153846,97.00000000000003
MIXED,0.1,oct14_obsv7_1e_5lr_batch5000_gamma9997_10d90i,62,94.0,94,127,19.0,0.7165354330708661,144.59340659340629,0.6141732283464567,0.1889763779527559,0.1968503937007874,/Users/dahu1128/Repositories/bsk_rl/examples/data/GNC26_data/RL10d90i_mixed/RL_seed62_RL_latest10d90i_mixed_20260115_154559,93.99999999999991
MIXED,0.1,oct14_obsv7_1e_5lr_batch5000_gamma9997_10d90i,63,93.0,93,138,14.0,0.6304347826086957,130.42528735632155,0.6304347826086957,0.21739130434782608,0.15217391304347827,/Users/dahu1128/Repositories/bsk_rl/examples/data/GNC26_data/RL10d90i_mixed/RL_seed63_RL_latest10d90i_mixed_20260115_155217,92.99999999999997
MIXED,0.1,oct14_obsv7_1e_5lr_batch5000_gamma9997_10d90i,64,94.6,95,133,11.0,0.6818181818181818,175.71111111111074,0.6287878787878788,0.19696969696969696,0.17424242424242425,/Users/dahu1128/Repositories/bsk_rl/examples/data/GNC26_data/RL10d90i_mixed/RL_seed64_RL_latest10d90i_mixed_20260115_155849,90.99999999999994
MIXED,0.1,oct14_obsv7_1e_5lr_batch5000_gamma9997_10d90i,65,90.0,90,133,15.0,0.6541353383458647,171.9425287356319,0.6165413533834586,0.20300751879699247,0.18045112781954886,/Users/dahu1128/Repositories/bsk_rl/examples/data/GNC26_data/RL10d90i_mixed/RL_seed65_RL_latest10d90i_mixed_20260115_160514,90.0
MIXED,0.1,oct14_obsv7_1e_5lr_batch5000_gamma9997_10d90i,66,92.4,93,142,9.0,0.6865671641791045,122.41304347826049,0.664179104477612,0.14925373134328357,0.1865671641791045,/Users/dahu1128/Repositories/bsk_rl/examples/data/GNC26_data/RL10d90i_mixed/RL_seed66_RL_latest10d90i_mixed_20260115_161224,87.00000000000003
MIXED,0.1,oct14_obsv7_1e_5lr_batch5000_gamma9997_10d90i,67,89.0,89,140,11.0,0.6642335766423357,110.61538461538426,0.6277372262773723,0.20437956204379562,0.1678832116788321,/Users/dahu1128/Repositories/bsk_rl/examples/data/GNC26_data/RL10d90i_mixed/RL_seed67_RL_latest10d90i_mixed_20260115_161913,88.99999999999991
MIXED,0.1,oct14_obsv7_1e_5lr_batch5000_gamma9997_10d90i,68,94.9,95,139,12.0,0.697841726618705,150.4536082474223,0.6690647482014388,0.18705035971223022,0.14388489208633093,/Users/dahu1128/Repositories/bsk_rl/examples/data/GNC26_data/RL10d90i_mixed/RL_seed68_RL_latest10d90i_mixed_20260115_162501,94.00000000000006
MIXED,0.1,oct14_obsv7_1e_5lr_batch5000_gamma9997_10d90i,69,96.0,96,135,15.0,0.7348484848484849,130.44329896907172,0.6742424242424242,0.13636363636363635,0.1893939393939394,/Users/dahu1128/Repositories/bsk_rl/examples/data/GNC26_data/RL10d90i_mixed/RL_seed69_RL_latest10d90i_mixed_20260115_163144,95.99999999999994
MIXED,0.1,oct14_obsv7_1e_5lr_batch5000_gamma9997_10d90i,70,94.9,95,144,9.0,0.6875,140.88888888888854,0.6736111111111112,0.1597222222222222,0.16666666666666666,/Users/dahu1128/Repositories/bsk_rl/examples/data/GNC26_data/RL10d90i_mixed/RL_seed70_RL_latest10d90i_mixed_20260115_153202,94.00000000000006
MIXED,0.1,oct14_obsv7_1e_5lr_batch5000_gamma9997_10d90i,71,93.0,93,138,12.0,0.6521739130434783,188.79999999999976,0.6666666666666666,0.16666666666666666,0.16666666666666666,/Users/dahu1128/Repositories/bsk_rl/examples/data/GNC26_data/RL10d90i_mixed/RL_seed71_RL_latest10d90i_mixed_20260115_153853,92.99999999999997
MIXED,0.1,oct14_obsv7_1e_5lr_batch5000_gamma9997_10d90i,72,95.0,95,134,14.0,0.6865671641791045,164.82608695652146,0.6119402985074627,0.1865671641791045,0.20149253731343283,/Users/dahu1128/Repositories/bsk_rl/examples/data/GNC26_data/RL10d90i_mixed/RL_seed72_RL_latest10d90i_mixed_20260115_154602,95.0
MIXED,0.1,oct14_obsv7_1e_5lr_batch5000_gamma9997_10d90i,73,94.0,94,137,12.0,0.7153284671532847,190.9081632653057,0.5912408759124088,0.27007299270072993,0.1386861313868613,/Users/dahu1128/Repositories/bsk_rl/examples/data/GNC26_data/RL10d90i_mixed/RL_seed73_RL_latest10d90i_mixed_20260115_155217,93.99999999999991
MIXED,0.1,oct14_obsv7_1e_5lr_batch5000_gamma9997_10d90i,74,93.8,94,138,11.0,0.6861313868613139,148.26595744680816,0.6715328467153284,0.17518248175182483,0.15328467153284672,/Users/dahu1128/Repositories/bsk_rl/examples/data/GNC26_data/RL10d90i_mixed/RL_seed74_RL_latest10d90i_mixed_20260115_155848,91.99999999999989
MIXED,0.1,oct14_obsv7_1e_5lr_batch5000_gamma9997_10d90i,75,90.8,91,137,19.0,0.635036496350365,189.2528735632181,0.635036496350365,0.2116788321167883,0.15328467153284672,/Users/dahu1128/Repositories/bsk_rl/examples/data/GNC26_data/RL10d90i_mixed/RL_seed75_RL_latest10d90i_mixed_20260115_160509,88.99999999999991
MIXED,0.1,oct14_obsv7_1e_5lr_batch5000_gamma9997_10d90i,76,95.0,95,141,13.0,0.6524822695035462,119.54347826086936,0.624113475177305,0.19148936170212766,0.18439716312056736,/Users/dahu1128/Repositories/bsk_rl/examples/data/GNC26_data/RL10d90i_mixed/RL_seed76_RL_latest10d90i_mixed_20260115_161213,95.0
MIXED,0.1,oct14_obsv7_1e_5lr_batch5000_gamma9997_10d90i,77,88.0,88,138,13.0,0.5725190839694656,145.53333333333313,0.5877862595419847,0.17557251908396945,0.2366412213740458,/Users/dahu1128/Repositories/bsk_rl/examples/data/GNC26_data/RL10d90i_mixed/RL_seed77_RL_latest10d90i_mixed_20260115_161858,87.99999999999997
MIXED,0.1,oct14_obsv7_1e_5lr_batch5000_gamma9997_10d90i,78,91.0,91,140,17.0,0.6571428571428571,174.84782608695627,0.6357142857142857,0.19285714285714287,0.17142857142857143,/Users/dahu1128/Repositories/bsk_rl/examples/data/GNC26_data/RL10d90i_mixed/RL_seed78_RL_latest10d90i_mixed_20260115_162430,90.99999999999994
MIXED,0.1,oct14_obsv7_1e_5lr_batch5000_gamma9997_10d90i,79,95.8,96,136,19.0,0.6617647058823529,129.0999999999997,0.5514705882352942,0.16911764705882354,0.27941176470588236,/Users/dahu1128/Repositories/bsk_rl/examples/data/GNC26_data/RL10d90i_mixed/RL_seed79_RL_latest10d90i_mixed_20260115_163114,93.99999999999991
MIXED,0.1,oct14_obsv7_1e_5lr_batch5000_gamma9997_10d90i,80,89.0,89,137,21.0,0.6946564885496184,138.60439560439536,0.648854961832061,0.17557251908396945,0.17557251908396945,/Users/dahu1128/Repositories/bsk_rl/examples/data/GNC26_data/RL10d90i_mixed/RL_seed80_RL_latest10d90i_mixed_20260115_153205,88.99999999999991
MIXED,0.1,oct14_obsv7_1e_5lr_batch5000_gamma9997_10d90i,81,95.0,95,139,17.0,0.6793893129770993,124.30337078651652,0.6030534351145038,0.1984732824427481,0.1984732824427481,/Users/dahu1128/Repositories/bsk_rl/examples/data/GNC26_data/RL10d90i_mixed/RL_seed81_RL_latest10d90i_mixed_20260115_153915,95.0
MIXED,0.1,oct14_obsv7_1e_5lr_batch5000_gamma9997_10d90i,82,98.0,98,139,12.0,0.6744186046511628,168.79310344827533,0.6744186046511628,0.21705426356589147,0.10852713178294573,/Users/dahu1128/Repositories/bsk_rl/examples/data/GNC26_data/RL10d90i_mixed/RL_seed82_RL_latest10d90i_mixed_20260115_154606,97.99999999999997
MIXED,0.1,oct14_obsv7_1e_5lr_batch5000_gamma9997_10d90i,83,91.0,91,143,8.0,0.6223776223776224,126.9999999999998,0.6853146853146853,0.16083916083916083,0.15384615384615385,/Users/dahu1128/Repositories/bsk_rl/examples/data/GNC26_data/RL10d90i_mixed/RL_seed83_RL_latest10d90i_mixed_20260115_155221,90.99999999999994
MIXED,0.1,oct14_obsv7_1e_5lr_batch5000_gamma9997_10d90i,84,95.0,95,141,16.0,0.6592592592592592,126.91011235955031,0.6074074074074074,0.18518518518518517,0.2074074074074074,/Users/dahu1128/Repositories/bsk_rl/examples/data/GNC26_data/RL10d90i_mixed/RL_seed84_RL_latest10d90i_mixed_20260115_155849,95.0
MIXED,0.1,oct14_obsv7_1e_5lr_batch5000_gamma9997_10d90i,85,93.0,93,136,19.0,0.6764705882352942,105.30434782608663,0.625,0.18382352941176472,0.19117647058823528,/Users/dahu1128/Repositories/bsk_rl/examples/data/GNC26_data/RL10d90i_mixed/RL_seed85_RL_latest10d90i_mixed_20260115_160514,92.99999999999997
MIXED,0.1,oct14_obsv7_1e_5lr_batch5000_gamma9997_10d90i,86,95.7,96,138,14.0,0.6470588235294118,113.89772727272698,0.6470588235294118,0.19852941176470587,0.15441176470588236,/Users/dahu1128/Repositories/bsk_rl/examples/data/GNC26_data/RL10d90i_mixed/RL_seed86_RL_latest10d90i_mixed_20260115_161226,92.99999999999997
MIXED,0.1,oct14_obsv7_1e_5lr_batch5000_gamma9997_10d90i,87,93.9,94,135,19.0,0.6888888888888889,116.99999999999964,0.6148148148148148,0.24444444444444444,0.14074074074074075,/Users/dahu1128/Repositories/bsk_rl/examples/data/GNC26_data/RL10d90i_mixed/RL_seed87_RL_latest10d90i_mixed_20260115_161913,92.99999999999997
MIXED,0.1,oct14_obsv7_1e_5lr_batch5000_gamma9997_10d90i,88,94.0,94,132,17.0,0.6666666666666666,143.26190476190436,0.626984126984127,0.20634920634920634,0.16666666666666666,/Users/dahu1128/Repositories/bsk_rl/examples/data/GNC26_data/RL10d90i_mixed/RL_seed88_RL_latest10d90i_mixed_20260115_162504,93.99999999999991
MIXED,0.1,oct14_obsv7_1e_5lr_batch5000_gamma9997_10d90i,89,92.0,92,130,25.0,0.6461538461538462,189.48809523809493,0.5461538461538461,0.19230769230769232,0.26153846153846155,/Users/dahu1128/Repositories/bsk_rl/examples/data/GNC26_data/RL10d90i_mixed/RL_seed89_RL_latest10d90i_mixed_20260115_163152,92.00000000000003
MIXED,0.1,oct14_obsv7_1e_5lr_batch5000_gamma9997_10d90i,90,93.0,93,138,17.0,0.6865671641791045,106.95652173913012,0.664179104477612,0.20149253731343283,0.13432835820895522,/Users/dahu1128/Repositories/bsk_rl/examples/data/GNC26_data/RL10d90i_mixed/RL_seed90_RL_latest10d90i_mixed_20260115_153207,92.99999999999997
MIXED,0.1,oct14_obsv7_1e_5lr_batch5000_gamma9997_10d90i,91,94.0,94,133,20.0,0.7424242424242424,159.80612244897938,0.6439393939393939,0.19696969696969696,0.1590909090909091,/Users/dahu1128/Repositories/bsk_rl/examples/data/GNC26_data/RL10d90i_mixed/RL_seed91_RL_latest10d90i_mixed_20260115_153918,93.99999999999991
MIXED,0.1,oct14_obsv7_1e_5lr_batch5000_gamma9997_10d90i,92,87.0,87,134,17.0,0.6492537313432836,162.35632183908012,0.6194029850746269,0.19402985074626866,0.1865671641791045,/Users/dahu1128/Repositories/bsk_rl/examples/data/GNC26_data/RL10d90i_mixed/RL_seed92_RL_latest10d90i_mixed_20260115_154615,87.00000000000003
MIXED,0.1,oct14_obsv7_1e_5lr_batch5000_gamma9997_10d90i,93,97.0,97,140,18.0,0.6911764705882353,155.43617021276557,0.5735294117647058,0.2647058823529412,0.16176470588235295,/Users/dahu1128/Repositories/bsk_rl/examples/data/GNC26_data/RL10d90i_mixed/RL_seed93_RL_latest10d90i_mixed_20260115_155231,97.00000000000003
MIXED,0.1,oct14_obsv7_1e_5lr_batch5000_gamma9997_10d90i,94,95.7,96,138,11.0,0.6865671641791045,112.3478260869562,0.6268656716417911,0.15671641791044777,0.21641791044776118,/Users/dahu1128/Repositories/bsk_rl/examples/data/GNC26_data/RL10d90i_mixed/RL_seed94_RL_latest10d90i_mixed_20260115_155905,92.99999999999997
MIXED,0.1,oct14_obsv7_1e_5lr_batch5000_gamma9997_10d90i,95,90.7,91,133,22.0,0.6541353383458647,203.49425287356306,0.6165413533834586,0.21052631578947367,0.17293233082706766,/Users/dahu1128/Repositories/bsk_rl/examples/data/GNC26_data/RL10d90i_mixed/RL_seed95_RL_latest10d90i_mixed_20260115_160521,87.99999999999997
MIXED,0.1,oct14_obsv7_1e_5lr_batch5000_gamma9997_10d90i,96,94.9,95,134,21.0,0.6865671641791045,112.04347826086932,0.5671641791044776,0.22388059701492538,0.208955223880597,/Users/dahu1128/Repositories/bsk_rl/examples/data/GNC26_data/RL10d90i_mixed/RL_seed96_RL_latest10d90i_mixed_20260115_161227,94.00000000000006
MIXED,0.1,oct14_obsv7_1e_5lr_batch5000_gamma9997_10d90i,97,93.8,94,151,9.0,0.6165413533834586,171.52439024390225,0.5338345864661654,0.20300751879699247,0.2631578947368421,/Users/dahu1128/Repositories/bsk_rl/examples/data/GNC26_data/RL10d90i_mixed/RL_seed97_RL_latest10d90i_mixed_20260115_161912,91.99999999999989
MIXED,0.1,oct14_obsv7_1e_5lr_batch5000_gamma9997_10d90i,98,92.8,93,137,14.0,0.6390977443609023,163.85882352941155,0.7218045112781954,0.15037593984962405,0.12781954887218044,/Users/dahu1128/Repositories/bsk_rl/examples/data/GNC26_data/RL10d90i_mixed/RL_seed98_RL_latest10d90i_mixed_20260115_162504,90.99999999999994
MIXED,0.1,oct14_obsv7_1e_5lr_batch5000_gamma9997_10d90i,99,94.7,95,142,9.0,0.676056338028169,138.1562499999996,0.647887323943662,0.20422535211267606,0.14788732394366197,/Users/dahu1128/Repositories/bsk_rl/examples/data/GNC26_data/RL10d90i_mixed/RL_seed99_RL_latest10d90i_mixed_20260115_163152,92.00000000000003
